MasterID,Mag,Magerr,RA,Dec,MJD,Blend
1007034025299,20.172,0.389,94.29311,-7.84727,54830.27443,0
1007034025299,19.705,0.300,94.29386,-7.84747,54830.27983,0
1007034025299,19.147,0.225,94.29360,-7.84727,54830.29053,0
1007034025299,20.453,0.457,94.29320,-7.84716,54830.29593,0
1007034025299,19.896,0.301,94.29340,-7.84745,55157.44256,0
1007034025299,19.557,0.261,94.29358,-7.84735,55157.45356,0
1007034025299,19.667,0.267,94.29352,-7.84749,55889.40125,0
1007034025299,20.765,0.495,94.29346,-7.84706,55922.27788,0
1007034025299,19.858,0.304,94.29399,-7.84689,55979.17810,0
1007034025299,20.074,0.339,94.29333,-7.84730,56008.11160,0
1007034025503,19.654,0.293,94.30350,-7.84386,54830.27443,0
1007034025503,20.702,0.526,94.30366,-7.84368,54830.27983,0
1007034025503,20.476,0.462,94.30355,-7.84374,54830.28523,0
1007034025503,20.176,0.351,94.30339,-7.84373,55157.43709,0
1007034025503,19.747,0.278,94.30311,-7.84425,55157.44256,0
1007034025503,19.914,0.305,94.30364,-7.84372,55157.45913,0
1007034025503,19.785,0.291,94.30345,-7.84389,55599.21019,0
1007034025503,19.660,0.266,94.30329,-7.84399,55889.40125,0
1007034025503,20.069,0.330,94.30361,-7.84385,55889.40906,0
1007034025503,20.669,0.467,94.30331,-7.84378,55922.29031,0
1007034025503,20.653,0.472,94.30316,-7.84385,55979.16465,0
1007034025503,20.482,0.429,94.30340,-7.84374,55979.17136,0
1007034025503,20.158,0.356,94.30334,-7.84402,56008.11160,0
1007034025503,20.424,0.413,94.30336,-7.84387,56008.12979,0
1007034025503,19.472,0.246,94.30321,-7.84394,56008.13888,0
1007034025588,17.638,0.116,94.29781,-7.84716,54830.27443,0
1007034025588,17.673,0.117,94.29778,-7.84713,54830.27983,0
1007034025588,17.736,0.120,94.29776,-7.84722,54830.28523,0
1007034025588,17.777,0.122,94.29780,-7.84723,54830.29053,0
1007034025588,17.669,0.117,94.29781,-7.84720,54830.29593,0
1007034025588,17.740,0.132,94.29770,-7.84697,54527.21398,0
1007034025588,17.640,0.127,94.29778,-7.84721,54527.22118,0
1007034025588,17.794,0.131,94.29761,-7.84717,54527.22838,0
1007034025588,17.656,0.129,94.29764,-7.84721,54527.23557,0
1007034025588,17.652,0.126,94.29776,-7.84732,54794.44231,0
1007034025588,17.569,0.129,94.29789,-7.84715,54794.44623,0
1007034025588,17.831,0.145,94.29778,-7.84717,54794.45014,0
1007034025588,17.595,0.130,94.29772,-7.84716,54794.45407,0
1007034025588,17.598,0.126,94.29763,-7.84733,54794.45801,0
1007034025588,17.659,0.109,94.29770,-7.84732,55157.43709,0
1007034025588,17.604,0.107,94.29781,-7.84719,55157.44256,0
1007034025588,17.774,0.114,94.29772,-7.84720,55157.44802,0
1007034025588,17.552,0.107,94.29813,-7.84735,55157.45356,0
1007034025588,17.636,0.108,94.29780,-7.84714,55157.45913,0
1007034025588,17.681,0.113,94.29784,-7.84715,55517.32235,0
1007034025588,17.618,0.110,94.29802,-7.84722,55517.33275,0
1007034025588,17.634,0.111,94.29782,-7.84719,55517.33797,0
1007034025588,17.563,0.107,94.29772,-7.84723,55599.19135,0
1007034025588,17.645,0.110,94.29785,-7.84713,55599.19764,0
1007034025588,17.590,0.108,94.29777,-7.84717,55599.20394,0
1007034025588,17.657,0.110,94.29775,-7.84716,55599.21019,0
1007034025588,17.715,0.111,94.29774,-7.84718,55889.40125,0
1007034025588,17.662,0.109,94.29777,-7.84728,55889.40906,0
1007034025588,17.747,0.112,94.29774,-7.84731,55889.41701,0
1007034025588,17.757,0.113,94.29780,-7.84726,55889.42493,0
1007034025588,17.783,0.114,94.29772,-7.84718,55922.27177,0
1007034025588,17.732,0.112,94.29786,-7.84721,55922.27788,0
1007034025588,17.663,0.110,94.29771,-7.84713,55922.28409,0
1007034025588,17.754,0.113,94.29778,-7.84719,55922.29031,0
1007034025588,17.726,0.113,94.29768,-7.84723,55979.15790,0
1007034025588,17.727,0.114,94.29771,-7.84724,55979.16465,0
1007034025588,17.541,0.106,94.29760,-7.84714,55979.17136,0
1007034025588,17.656,0.111,94.29777,-7.84718,55979.17810,0
1007034025588,17.735,0.114,94.29767,-7.84732,56008.11160,0
1007034025588,17.649,0.110,94.29770,-7.84721,56008.12073,0
1007034025588,17.757,0.115,94.29757,-7.84723,56008.12979,0
1007034025588,17.783,0.116,94.29766,-7.84722,56008.13888,0
1007034025927,18.830,0.192,94.29127,-7.83678,54830.27443,0
1007034025927,19.167,0.227,94.29112,-7.83696,54830.27983,0
1007034025927,19.300,0.243,94.29105,-7.83688,54830.28523,0
1007034025927,18.700,0.181,94.29129,-7.83709,54830.29053,0
1007034025927,18.919,0.201,94.29082,-7.83694,54830.29593,0
1007034025927,19.459,0.299,94.29119,-7.83682,54527.21398,0
1007034025927,18.703,0.205,94.29088,-7.83678,54527.23557,0
1007034025927,18.917,0.224,94.29113,-7.83693,54794.44231,0
1007034025927,18.857,0.232,94.29086,-7.83663,54794.44623,0
1007034025927,19.344,0.302,94.29113,-7.83693,54794.45014,0
1007034025927,19.007,0.250,94.29084,-7.83701,54794.45407,0
1007034025927,18.550,0.191,94.29124,-7.83740,54794.45801,0
1007034025927,19.114,0.201,94.29105,-7.83687,55157.43709,0
1007034025927,19.036,0.194,94.29098,-7.83702,55157.44256,0
1007034025927,19.465,0.241,94.29101,-7.83680,55157.44802,0
1007034025927,18.966,0.194,94.29105,-7.83692,55157.45356,0
1007034025927,19.073,0.198,94.29100,-7.83706,55157.45913,0
1007034025927,18.836,0.184,94.29100,-7.83722,55517.32235,0
1007034025927,19.146,0.212,94.29134,-7.83691,55517.33797,0
1007034025927,18.913,0.187,94.29099,-7.83688,55599.19135,0
1007034025927,19.005,0.196,94.29099,-7.83690,55599.19764,0
1007034025927,19.251,0.220,94.29117,-7.83685,55599.20394,0
1007034025927,18.954,0.191,94.29094,-7.83673,55599.21019,0
1007034025927,18.779,0.172,94.29112,-7.83731,55889.40125,0
1007034025927,18.979,0.188,94.29146,-7.83710,55889.40906,0
1007034025927,19.167,0.207,94.29073,-7.83669,55889.41701,0
1007034025927,18.956,0.187,94.29101,-7.83698,55889.42493,0
1007034025927,18.950,0.188,94.29109,-7.83709,55922.27177,0
1007034025927,19.190,0.211,94.29102,-7.83680,55922.27788,0
1007034025927,19.123,0.204,94.29110,-7.83681,55922.28409,0
1007034025927,18.894,0.183,94.29089,-7.83697,55922.29031,0
1007034025927,18.814,0.179,94.29121,-7.83699,55979.15790,0
1007034025927,19.026,0.198,94.29075,-7.83713,55979.16465,0
1007034025927,18.912,0.188,94.29087,-7.83662,55979.17136,0
1007034025927,19.068,0.202,94.29128,-7.83688,55979.17810,0
1007034025927,18.846,0.181,94.29092,-7.83715,56008.11160,0
1007034025927,18.734,0.172,94.29117,-7.83696,56008.12073,0
1007034025927,19.092,0.204,94.29060,-7.83680,56008.12979,0
1007034025927,19.194,0.214,94.29085,-7.83687,56008.13888,0
1007034025980,19.911,0.337,94.32161,-7.83566,54830.29593,0
1007034025980,14.682,0.058,94.32318,-7.83462,55157.45356,0
1007034025980,20.643,0.458,94.32252,-7.83333,55157.45913,0
1007034025980,17.467,0.102,94.32105,-7.83634,55922.27177,0
1007034025980,18.774,0.176,94.32148,-7.83615,55979.17810,0
1007034026031,16.550,0.082,94.30029,-7.83977,54830.27443,0
1007034026031,16.536,0.082,94.30026,-7.83979,54830.27983,0
1007034026031,16.607,0.083,94.30034,-7.83976,54830.28523,0
1007034026031,16.517,0.081,94.30029,-7.83978,54830.29053,0
1007034026031,16.550,0.082,94.30029,-7.83979,54830.29593,0
1007034026031,16.585,0.088,94.30027,-7.83968,54527.21398,0
1007034026031,16.590,0.089,94.30030,-7.83975,54527.22118,0
1007034026031,16.571,0.086,94.30028,-7.83972,54527.22838,0
1007034026031,16.575,0.089,94.30018,-7.83969,54527.23557,0
1007034026031,16.562,0.087,94.30027,-7.83980,54794.44231,0
1007034026031,16.510,0.090,94.30032,-7.83980,54794.44623,0
1007034026031,16.523,0.090,94.30026,-7.83982,54794.45014,0
1007034026031,16.561,0.091,94.30026,-7.83978,54794.45407,0
1007034026031,16.619,0.090,94.30026,-7.83981,54794.45801,0
1007034026031,16.580,0.079,94.30030,-7.83982,55157.43709,0
1007034026031,16.634,0.080,94.30027,-7.83981,55157.44256,0
1007034026031,16.579,0.079,94.30027,-7.83976,55157.44802,0
1007034026031,16.212,0.074,94.29990,-7.83961,55157.45356,0
1007034026031,16.550,0.078,94.30031,-7.83982,55157.45913,0
1007034026031,16.544,0.080,94.30035,-7.83979,55517.32235,0
1007034026031,16.574,0.080,94.30027,-7.83982,55517.33275,0
1007034026031,16.550,0.080,94.30030,-7.83982,55517.33797,0
1007034026031,16.546,0.079,94.30033,-7.83980,55599.19135,0
1007034026031,16.534,0.079,94.30029,-7.83972,55599.19764,0
1007034026031,16.539,0.079,94.30028,-7.83978,55599.20394,0
1007034026031,16.571,0.080,94.30031,-7.83975,55599.21019,0
1007034026031,16.602,0.079,94.30027,-7.83979,55889.40125,0
1007034026031,16.600,0.079,94.30023,-7.83979,55889.40906,0
1007034026031,16.541,0.078,94.30027,-7.83980,55889.41701,0
1007034026031,16.638,0.080,94.30022,-7.83979,55889.42493,0
1007034026031,16.610,0.080,94.30030,-7.83978,55922.27177,0
1007034026031,16.623,0.080,94.30020,-7.83980,55922.27788,0
1007034026031,16.558,0.079,94.30025,-7.83979,55922.28409,0
1007034026031,16.598,0.080,94.30025,-7.83978,55922.29031,0
1007034026031,16.548,0.079,94.30022,-7.83981,55979.15790,0
1007034026031,16.555,0.079,94.30027,-7.83979,55979.16465,0
1007034026031,16.503,0.078,94.30028,-7.83976,55979.17136,0
1007034026031,16.526,0.079,94.30030,-7.83978,55979.17810,0
1007034026031,16.580,0.080,94.30027,-7.83978,56008.11160,0
1007034026031,16.533,0.079,94.30024,-7.83975,56008.12073,0
1007034026031,16.594,0.080,94.30023,-7.83977,56008.12979,0
1007034026031,16.641,0.081,94.30027,-7.83975,56008.13888,0
1007034026276,18.161,0.142,94.32235,-7.83968,54830.27443,0
1007034026276,18.058,0.136,94.32236,-7.83971,54830.27983,0
1007034026276,18.128,0.140,94.32235,-7.83967,54830.28523,0
1007034026276,17.968,0.132,94.32237,-7.83950,54830.29053,0
1007034026276,17.961,0.131,94.32230,-7.83952,54830.29593,0
1007034026276,18.166,0.158,94.32250,-7.83960,54527.21398,0
1007034026276,18.142,0.157,94.32231,-7.83959,54527.22118,0
1007034026276,17.840,0.134,94.32249,-7.83953,54527.22838,0
1007034026276,18.220,0.163,94.32244,-7.83951,54527.23557,0
1007034026276,17.977,0.144,94.32245,-7.83970,54794.44231,0
1007034026276,18.205,0.170,94.32253,-7.83963,54794.44623,0
1007034026276,18.030,0.158,94.32224,-7.83964,54794.45014,0
1007034026276,18.012,0.155,94.32231,-7.83987,54794.45407,0
1007034026276,18.096,0.155,94.32244,-7.83967,54794.45801,0
1007034026276,17.774,0.113,94.32225,-7.83972,55157.43709,0
1007034026276,18.229,0.135,94.32243,-7.83955,55157.44256,0
1007034026276,17.985,0.123,94.32232,-7.83974,55157.44802,0
1007034026276,17.869,0.121,94.32239,-7.83945,55157.45356,0
1007034026276,17.648,0.109,94.32230,-7.83970,55157.45913,0
1007034026276,18.093,0.132,94.32227,-7.83951,55517.32235,0
1007034026276,18.122,0.134,94.32250,-7.83965,55517.33275,0
1007034026276,18.109,0.133,94.32245,-7.83943,55517.33797,0
1007034026276,18.138,0.133,94.32237,-7.83962,55599.19135,0
1007034026276,18.171,0.135,94.32248,-7.83963,55599.19764,0
1007034026276,18.118,0.131,94.32232,-7.83960,55599.20394,0
1007034026276,17.934,0.122,94.32235,-7.83951,55599.21019,0
1007034026276,18.200,0.134,94.32239,-7.83965,55889.40125,0
1007034026276,17.905,0.119,94.32232,-7.83957,55889.40906,0
1007034026276,18.055,0.126,94.32238,-7.83963,55889.41701,0
1007034026276,18.063,0.126,94.32234,-7.83959,55889.42493,0
1007034026276,18.036,0.126,94.32237,-7.83961,55922.27177,0
1007034026276,18.082,0.128,94.32236,-7.83962,55922.27788,0
1007034026276,17.716,0.112,94.32229,-7.83950,55922.28409,0
1007034026276,18.021,0.125,94.32225,-7.83971,55922.29031,0
1007034026276,17.860,0.119,94.32209,-7.83949,55979.15790,0
1007034026276,17.938,0.123,94.32214,-7.83969,55979.16465,0
1007034026276,18.078,0.130,94.32229,-7.83955,55979.17136,0
1007034026276,18.104,0.132,94.32239,-7.83960,55979.17810,0
1007034026276,18.103,0.131,94.32230,-7.83965,56008.11160,0
1007034026276,18.247,0.139,94.32233,-7.83963,56008.12073,0
1007034026276,18.218,0.137,94.32228,-7.83965,56008.12979,0
1007034026276,18.034,0.127,94.32229,-7.83967,56008.13888,0
1007034026400,16.912,0.091,94.32862,-7.82722,54830.27443,0
1007034026400,16.960,0.092,94.32876,-7.82738,54830.27983,0
1007034026400,16.943,0.092,94.32865,-7.82732,54830.28523,0
1007034026400,16.900,0.091,94.32865,-7.82725,54830.29053,0
1007034026400,16.931,0.091,94.32851,-7.82736,54830.29593,0
1007034026400,17.253,0.110,94.32853,-7.82736,54527.21398,0
1007034026400,17.290,0.109,94.32867,-7.82732,54527.22838,0
1007034026400,17.471,0.120,94.32838,-7.82738,54527.23557,0
1007034026400,16.899,0.097,94.32863,-7.82730,54794.44231,0
1007034026400,17.106,0.108,94.32860,-7.82750,54794.44623,0
1007034026400,16.987,0.105,94.32864,-7.82718,54794.45014,0
1007034026400,16.865,0.100,94.32870,-7.82744,54794.45407,0
1007034026400,17.252,0.111,94.32863,-7.82734,54794.45801,0
1007034026400,17.180,0.093,94.32854,-7.82752,55157.43709,0
1007034026400,17.035,0.089,94.32866,-7.82730,55157.44256,0
1007034026400,17.020,0.089,94.32862,-7.82744,55157.44802,0
1007034026400,17.074,0.092,94.32868,-7.82726,55157.45356,0
1007034026400,16.906,0.086,94.32862,-7.82734,55157.45913,0
1007034026400,17.453,0.104,94.32869,-7.82737,55517.33275,0
1007034026400,17.289,0.099,94.32883,-7.82729,55517.33797,0
1007034026400,17.141,0.093,94.32862,-7.82736,55599.19135,0
1007034026400,16.952,0.088,94.32867,-7.82727,55599.19764,0
1007034026400,17.329,0.099,94.32864,-7.82733,55599.20394,0
1007034026400,17.603,0.108,94.32861,-7.82727,55599.21019,0
1007034026400,17.077,0.090,94.32847,-7.82743,55889.40125,0
1007034026400,17.390,0.099,94.32878,-7.82740,55889.40906,0
1007034026400,17.489,0.103,94.32860,-7.82753,55889.41701,0
1007034026400,17.229,0.094,94.32869,-7.82747,55889.42493,0
1007034026400,17.314,0.097,94.32869,-7.82726,55922.27177,0
1007034026400,17.472,0.104,94.32860,-7.82730,55979.15790,0
1007034026400,17.456,0.103,94.32870,-7.82736,55979.16465,0
1007034026400,17.141,0.093,94.32859,-7.82738,56008.11160,0
1007034026400,17.370,0.100,94.32857,-7.82735,56008.12073,0
1007034026400,17.481,0.104,94.32867,-7.82741,56008.13888,0
1007034026465,17.243,0.101,94.28692,-7.82842,54830.27443,0
1007034026465,17.200,0.099,94.28700,-7.82845,54830.27983,0
1007034026465,17.099,0.096,94.28705,-7.82845,54830.29053,0
1007034026465,17.381,0.115,94.28702,-7.82839,54527.21398,0
1007034026465,17.517,0.121,94.28701,-7.82825,54527.22118,0
1007034026465,17.556,0.120,94.28690,-7.82844,54527.22838,0
1007034026465,17.545,0.123,94.28704,-7.82837,54527.23557,0
1007034026465,17.354,0.113,94.28685,-7.82846,54794.44231,0
1007034026465,17.162,0.111,94.28683,-7.82835,54794.44623,0
1007034026465,17.272,0.116,94.28682,-7.82844,54794.45014,0
1007034026465,17.658,0.133,94.28697,-7.82832,54794.45407,0
1007034026465,17.290,0.112,94.28713,-7.82852,54794.45801,0
1007034026465,17.464,0.102,94.28688,-7.82835,55157.43709,0
1007034026465,17.134,0.092,94.28700,-7.82841,55157.44256,0
1007034026465,17.488,0.103,94.28706,-7.82836,55157.44802,0
1007034026465,17.411,0.102,94.28696,-7.82842,55157.45356,0
1007034026465,17.465,0.105,94.28682,-7.82847,55517.32235,0
1007034026465,17.529,0.107,94.28688,-7.82848,55517.33275,0
1007034026465,17.203,0.096,94.28704,-7.82835,55517.33797,0
1007034026465,17.214,0.095,94.28710,-7.82835,55599.19135,0
1007034026465,17.129,0.093,94.28689,-7.82836,55599.19764,0
1007034026465,17.086,0.091,94.28682,-7.82840,55599.20394,0
1007034026465,16.860,0.086,94.28679,-7.82849,55599.21019,0
1007034026465,17.484,0.103,94.28704,-7.82836,55889.40125,0
1007034026465,17.304,0.097,94.28689,-7.82838,55889.41701,0
1007034026465,17.198,0.093,94.28686,-7.82851,55889.42493,0
1007034026465,17.022,0.089,94.28678,-7.82841,55922.27177,0
1007034026465,17.019,0.089,94.28684,-7.82840,55922.28409,0
1007034026465,16.995,0.088,94.28693,-7.82837,55922.29031,0
1007034026465,17.181,0.094,94.28683,-7.82842,55979.16465,0
1007034026465,17.458,0.103,94.28691,-7.82840,55979.17136,0
1007034026465,17.349,0.100,94.28696,-7.82835,55979.17810,0
1007034026465,17.201,0.095,94.28686,-7.82838,56008.11160,0
1007034026465,17.512,0.105,94.28691,-7.82842,56008.12073,0
1007034026465,17.599,0.108,94.28688,-7.82838,56008.12979,0
1007034026465,17.437,0.102,94.28686,-7.82841,56008.13888,0
1007034026622,12.088,0.051,94.26744,-7.83544,54830.28523,0
1007034026622,11.976,0.051,94.26764,-7.83253,54527.23557,0
1007034026622,12.331,0.051,94.26812,-7.83296,55889.40906,0
1007034026622,13.017,0.052,94.26781,-7.83459,55922.29031,0
1007034026622,12.379,0.051,94.26791,-7.83400,56008.12073,0
1007034026626,19.196,0.230,94.33396,-7.82004,54830.27443,0
1007034026626,19.069,0.216,94.33382,-7.81978,54830.27983,0
1007034026626,19.252,0.237,94.33425,-7.82005,54830.28523,0
1007034026626,19.019,0.211,94.33401,-7.81999,54830.29053,0
1007034026626,19.156,0.226,94.33418,-7.82028,54830.29593,0
1007034026626,19.211,0.263,94.33421,-7.81988,54527.21398,0
1007034026626,19.142,0.256,94.33384,-7.82003,54527.23557,0
1007034026626,19.474,0.299,94.33404,-7.82004,54794.44231,0
1007034026626,19.430,0.314,94.33421,-7.81991,54794.44623,0
1007034026626,19.029,0.255,94.33397,-7.82002,54794.45014,0
1007034026626,19.864,0.380,94.33445,-7.82023,54794.45801,0
1007034026626,19.166,0.207,94.33385,-7.82023,55157.43709,0
1007034026626,19.334,0.225,94.33400,-7.82023,55157.44256,0
1007034026626,19.442,0.238,94.33405,-7.82008,55157.44802,0
1007034026626,19.225,0.220,94.33408,-7.82018,55157.45356,0
1007034026626,19.095,0.200,94.33396,-7.81974,55157.45913,0
1007034026626,19.378,0.239,94.33391,-7.81992,55517.33275,0
1007034026626,18.952,0.190,94.33408,-7.82018,55599.19135,0
1007034026626,19.015,0.197,94.33376,-7.81989,55599.19764,0
1007034026626,18.881,0.183,94.33397,-7.81985,55599.20394,0
1007034026626,19.036,0.198,94.33398,-7.81990,55599.21019,0
1007034026626,19.461,0.240,94.33412,-7.82023,55889.40125,0
1007034026626,19.084,0.198,94.33384,-7.82025,55889.40906,0
1007034026626,19.305,0.221,94.33407,-7.82016,55889.41701,0
1007034026626,19.178,0.208,94.33403,-7.81987,55889.42493,0
1007034026626,19.565,0.255,94.33397,-7.81996,55922.27177,0
1007034026626,19.579,0.257,94.33427,-7.82009,55922.27788,0
1007034026626,19.038,0.196,94.33385,-7.82020,55922.28409,0
1007034026626,19.459,0.241,94.33385,-7.82016,55922.29031,0
1007034026626,19.549,0.257,94.33386,-7.81998,55979.15790,0
1007034026626,18.885,0.185,94.33420,-7.82007,55979.16465,0
1007034026626,19.273,0.224,94.33392,-7.82019,55979.17136,0
1007034026626,19.167,0.213,94.33401,-7.81991,55979.17810,0
1007034026626,19.535,0.254,94.33402,-7.82019,56008.11160,0
1007034026626,18.912,0.186,94.33397,-7.82004,56008.12073,0
1007034026626,18.933,0.189,94.33395,-7.82005,56008.12979,0
1007034026626,19.838,0.298,94.33393,-7.82003,56008.13888,0
1007034026649,17.697,0.118,94.31613,-7.82820,54830.27443,0
1007034026649,18.021,0.134,94.31624,-7.82794,54830.27983,0
1007034026649,18.023,0.134,94.31622,-7.82810,54830.28523,0
1007034026649,17.699,0.118,94.31599,-7.82853,54830.29053,0
1007034026649,17.882,0.127,94.31618,-7.82785,54830.29593,0
1007034026649,18.012,0.148,94.31626,-7.82799,54527.21398,0
1007034026649,18.130,0.156,94.31628,-7.82793,54527.22118,0
1007034026649,16.406,0.083,94.31554,-7.82804,54527.22838,0
1007034026649,17.693,0.129,94.31585,-7.82874,54794.44231,0
1007034026649,17.798,0.142,94.31643,-7.82778,54794.44623,0
1007034026649,17.471,0.125,94.31563,-7.82876,54794.45014,0
1007034026649,18.156,0.165,94.31670,-7.82769,54794.45407,0
1007034026649,17.768,0.135,94.31649,-7.82822,54794.45801,0
1007034026649,17.902,0.119,94.31648,-7.82780,55157.43709,0
1007034026649,17.812,0.115,94.31599,-7.82817,55157.44256,0
1007034026649,18.273,0.138,94.31633,-7.82784,55157.44802,0
1007034026649,17.859,0.120,94.31607,-7.82842,55157.45356,0
1007034026649,17.698,0.111,94.31626,-7.82813,55157.45913,0
1007034026649,18.393,0.150,94.31666,-7.82782,55517.32235,0
1007034026649,17.962,0.126,94.31614,-7.82855,55517.33275,0
1007034026649,18.566,0.162,94.31668,-7.82791,55517.33797,0
1007034026649,17.775,0.115,94.31624,-7.82792,55599.19135,0
1007034026649,18.108,0.132,94.31591,-7.82831,55599.19764,0
1007034026649,18.116,0.131,94.31637,-7.82788,55599.20394,0
1007034026649,18.170,0.135,94.31632,-7.82798,55599.21019,0
1007034026649,17.978,0.123,94.31597,-7.82840,55889.40125,0
1007034026649,17.903,0.119,94.31593,-7.82850,55889.40906,0
1007034026649,18.279,0.138,94.31580,-7.82832,55889.41701,0
1007034026649,17.806,0.115,94.31622,-7.82779,55889.42493,0
1007034026649,18.157,0.132,94.31641,-7.82785,55922.27177,0
1007034026649,18.005,0.125,94.31626,-7.82807,55922.27788,0
1007034026649,18.976,0.190,94.31632,-7.82798,55922.28409,0
1007034026649,18.635,0.162,94.31642,-7.82794,55922.29031,0
1007034026649,17.870,0.120,94.31591,-7.82839,55979.15790,0
1007034026649,18.127,0.132,94.31627,-7.82790,55979.16465,0
1007034026649,18.221,0.138,94.31586,-7.82848,55979.17136,0
1007034026649,18.031,0.128,94.31603,-7.82822,55979.17810,0
1007034026649,18.054,0.128,94.31570,-7.82860,56008.11160,0
1007034026649,17.941,0.123,94.31618,-7.82796,56008.12073,0
1007034026649,17.942,0.123,94.31581,-7.82806,56008.12979,0
1007034026649,18.219,0.137,94.31641,-7.82752,56008.13888,0
1007034026654,18.428,0.160,94.28681,-7.83326,54830.27443,0
1007034026654,18.366,0.155,94.28695,-7.83328,54830.27983,0
1007034026654,18.368,0.155,94.28686,-7.83319,54830.28523,0
1007034026654,18.386,0.157,94.28690,-7.83330,54830.29053,0
1007034026654,18.489,0.164,94.28688,-7.83331,54830.29593,0
1007034026654,18.081,0.152,94.28691,-7.83346,54527.21398,0
1007034026654,18.346,0.172,94.28677,-7.83363,54527.22118,0
1007034026654,19.123,0.242,94.28675,-7.83347,54527.22838,0
1007034026654,18.223,0.163,94.28691,-7.83330,54527.23557,0
1007034026654,18.379,0.173,94.28693,-7.83334,54794.44231,0
1007034026654,18.217,0.170,94.28664,-7.83331,54794.44623,0
1007034026654,18.318,0.180,94.28682,-7.83337,54794.45014,0
1007034026654,18.416,0.186,94.28686,-7.83345,54794.45407,0
1007034026654,18.592,0.195,94.28680,-7.83327,54794.45801,0
1007034026654,18.298,0.139,94.28687,-7.83331,55157.43709,0
1007034026654,18.498,0.152,94.28701,-7.83329,55157.44256,0
1007034026654,18.240,0.136,94.28676,-7.83334,55157.44802,0
1007034026654,18.646,0.167,94.28682,-7.83328,55157.45356,0
1007034026654,18.496,0.152,94.28678,-7.83344,55157.45913,0
1007034026654,18.572,0.163,94.28660,-7.83343,55517.32235,0
1007034026654,18.311,0.145,94.28679,-7.83350,55517.33275,0
1007034026654,18.584,0.163,94.28681,-7.83324,55517.33797,0
1007034026654,18.464,0.152,94.28676,-7.83335,55599.19135,0
1007034026654,18.496,0.155,94.28691,-7.83329,55599.19764,0
1007034026654,18.389,0.147,94.28687,-7.83326,55599.20394,0
1007034026654,18.455,0.152,94.28690,-7.83326,55599.21019,0
1007034026654,18.490,0.151,94.28684,-7.83337,55889.40125,0
1007034026654,18.470,0.149,94.28666,-7.83343,55889.40906,0
1007034026654,18.453,0.149,94.28690,-7.83334,55889.41701,0
1007034026654,18.441,0.148,94.28680,-7.83343,55889.42493,0
1007034026654,18.429,0.148,94.28667,-7.83331,55922.27177,0
1007034026654,18.346,0.143,94.28686,-7.83333,55922.27788,0
1007034026654,18.505,0.153,94.28670,-7.83340,55922.28409,0
1007034026654,18.606,0.160,94.28671,-7.83340,55922.29031,0
1007034026654,18.589,0.161,94.28670,-7.83335,55979.15790,0
1007034026654,18.355,0.146,94.28686,-7.83341,55979.16465,0
1007034026654,18.393,0.148,94.28671,-7.83328,55979.17136,0
1007034026654,18.437,0.151,94.28689,-7.83319,55979.17810,0
1007034026654,18.225,0.137,94.28677,-7.83329,56008.11160,0
1007034026654,18.624,0.163,94.28683,-7.83328,56008.12073,0
1007034026654,18.448,0.151,94.28674,-7.83327,56008.12979,0
1007034026654,18.365,0.146,94.28693,-7.83335,56008.13888,0
1007034026662,14.824,0.060,94.29928,-7.83107,54830.27443,0
1007034026662,14.823,0.060,94.29928,-7.83108,54830.27983,0
1007034026662,14.824,0.060,94.29925,-7.83105,54830.28523,0
1007034026662,14.807,0.060,94.29928,-7.83108,54830.29053,0
1007034026662,14.787,0.060,94.29927,-7.83106,54830.29593,0
1007034026662,14.833,0.062,94.29928,-7.83103,54527.21398,0
1007034026662,14.827,0.062,94.29928,-7.83104,54527.22118,0
1007034026662,14.874,0.062,94.29926,-7.83103,54527.22838,0
1007034026662,14.825,0.062,94.29928,-7.83101,54527.23557,0
1007034026662,14.845,0.062,94.29926,-7.83106,54794.44231,0
1007034026662,14.785,0.062,94.29931,-7.83103,54794.44623,0
1007034026662,14.807,0.063,94.29931,-7.83106,54794.45014,0
1007034026662,14.830,0.063,94.29927,-7.83105,54794.45407,0
1007034026662,14.842,0.062,94.29926,-7.83109,54794.45801,0
1007034026662,14.851,0.059,94.29928,-7.83107,55157.43709,0
1007034026662,14.829,0.059,94.29929,-7.83106,55157.44256,0
1007034026662,14.836,0.059,94.29928,-7.83107,55157.44802,0
1007034026662,14.855,0.059,94.29926,-7.83107,55157.45356,0
1007034026662,14.841,0.059,94.29930,-7.83108,55157.45913,0
1007034026662,14.800,0.059,94.29928,-7.83112,55517.32235,0
1007034026662,14.815,0.059,94.29929,-7.83108,55517.33275,0
1007034026662,14.845,0.059,94.29928,-7.83109,55517.33797,0
1007034026662,14.814,0.059,94.29930,-7.83109,55599.19135,0
1007034026662,14.816,0.059,94.29930,-7.83106,55599.19764,0
1007034026662,14.827,0.059,94.29927,-7.83106,55599.20394,0
1007034026662,14.818,0.059,94.29929,-7.83105,55599.21019,0
1007034026662,14.842,0.059,94.29926,-7.83108,55889.40125,0
1007034026662,14.841,0.059,94.29925,-7.83107,55889.40906,0
1007034026662,14.869,0.059,94.29925,-7.83106,55889.41701,0
1007034026662,14.841,0.059,94.29924,-7.83107,55889.42493,0
1007034026662,14.849,0.059,94.29929,-7.83106,55922.27177,0
1007034026662,14.843,0.059,94.29926,-7.83108,55922.27788,0
1007034026662,14.848,0.059,94.29927,-7.83105,55922.28409,0
1007034026662,14.847,0.059,94.29927,-7.83107,55922.29031,0
1007034026662,14.812,0.059,94.29925,-7.83106,55979.15790,0
1007034026662,14.804,0.059,94.29928,-7.83106,55979.16465,0
1007034026662,14.822,0.059,94.29925,-7.83106,55979.17136,0
1007034026662,14.810,0.059,94.29925,-7.83106,55979.17810,0
1007034026662,14.821,0.059,94.29926,-7.83109,56008.11160,0
1007034026662,14.821,0.059,94.29925,-7.83106,56008.12073,0
1007034026662,14.828,0.059,94.29922,-7.83107,56008.12979,0
1007034026662,14.822,0.059,94.29927,-7.83107,56008.13888,0
1007034026665,11.768,0.051,94.26434,-7.83465,54830.27983,0
1007034026665,11.835,0.051,94.26420,-7.83159,54527.21398,0
1007034026665,11.798,0.051,94.26460,-7.83374,54794.44231,0
1007034026665,12.190,0.051,94.26431,-7.83324,55157.43709,0
1007034026665,12.162,0.051,94.26431,-7.83330,55157.44256,0
1007034026666,19.941,0.342,94.34579,-7.81809,54830.27443,0
1007034026666,19.728,0.304,94.34575,-7.81821,54830.27983,0
1007034026666,19.351,0.249,94.34595,-7.81797,54830.28523,0
1007034026666,19.024,0.212,94.34617,-7.81774,54830.29053,0
1007034026666,19.676,0.296,94.34585,-7.81801,54830.29593,0
1007034026666,20.046,0.417,94.34576,-7.81769,54527.22118,0
1007034026666,19.100,0.246,94.34636,-7.81828,54794.44231,0
1007034026666,19.497,0.244,94.34569,-7.81782,55157.43709,0
1007034026666,19.691,0.270,94.34594,-7.81806,55157.44256,0
1007034026666,19.439,0.238,94.34589,-7.81807,55157.44802,0
1007034026666,19.799,0.297,94.34585,-7.81799,55157.45356,0
1007034026666,19.604,0.259,94.34579,-7.81799,55157.45913,0
1007034026666,20.245,0.380,94.34574,-7.81776,55517.33797,0
1007034026666,19.538,0.255,94.34587,-7.81806,55599.19135,0
1007034026666,19.481,0.249,94.34569,-7.81796,55599.19764,0
1007034026666,19.151,0.209,94.34586,-7.81815,55599.20394,0
1007034026666,19.189,0.214,94.34580,-7.81783,55599.21019,0
1007034026666,19.567,0.254,94.34573,-7.81791,55889.40125,0
1007034026666,19.218,0.211,94.34585,-7.81772,55889.40906,0
1007034026666,19.460,0.239,94.34567,-7.81799,55889.42493,0
1007034026666,19.351,0.228,94.34582,-7.81812,55922.27177,0
1007034026666,19.200,0.212,94.34592,-7.81801,55922.27788,0
1007034026666,19.655,0.267,94.34568,-7.81807,55922.28409,0
1007034026666,19.551,0.253,94.34572,-7.81798,55922.29031,0
1007034026666,19.535,0.255,94.34593,-7.81773,55979.15790,0
1007034026666,19.494,0.250,94.34559,-7.81780,55979.16465,0
1007034026666,19.628,0.268,94.34551,-7.81828,55979.17136,0
1007034026666,19.940,0.318,94.34549,-7.81820,55979.17810,0
1007034026666,19.387,0.236,94.34561,-7.81787,56008.11160,0
1007034026666,19.031,0.197,94.34553,-7.81792,56008.12073,0
1007034026666,19.668,0.273,94.34546,-7.81794,56008.12979,0
1007034026666,19.670,0.273,94.34573,-7.81804,56008.13888,0
1007034026670,16.958,0.092,94.27211,-7.82308,54830.27443,0
1007034026670,16.611,0.083,94.27205,-7.82315,54830.27983,0
1007034026670,16.817,0.088,94.27199,-7.82325,54830.28523,0
1007034026670,16.918,0.091,94.27213,-7.82299,54830.29053,0
1007034026670,16.903,0.091,94.27211,-7.82318,54830.29593,0
1007034026670,16.829,0.095,94.27205,-7.82301,54527.21398,0
1007034026670,17.539,0.122,94.27185,-7.82300,54527.22118,0
1007034026670,17.022,0.099,94.27194,-7.82288,54527.22838,0
1007034026670,17.012,0.102,94.27165,-7.82292,54527.23557,0
1007034026670,16.739,0.092,94.27197,-7.82325,54794.44231,0
1007034026670,16.909,0.101,94.27187,-7.82334,54794.44623,0
1007034026670,16.945,0.103,94.27212,-7.82310,54794.45014,0
1007034026670,17.094,0.108,94.27198,-7.82326,54794.45407,0
1007034026670,16.764,0.094,94.27194,-7.82323,54794.45801,0
1007034026670,16.787,0.083,94.27178,-7.82292,55157.43709,0
1007034026670,16.597,0.079,94.27180,-7.82297,55157.44256,0
1007034026670,16.602,0.079,94.27208,-7.82305,55157.44802,0
1007034026670,16.348,0.076,94.27184,-7.82317,55157.45356,0
1007034026670,16.854,0.085,94.27175,-7.82306,55157.45913,0
1007034026670,17.285,0.099,94.27209,-7.82281,55517.32235,0
1007034026670,16.682,0.083,94.27198,-7.82303,55517.33275,0
1007034026670,17.163,0.095,94.27209,-7.82302,55517.33797,0
1007034026670,16.616,0.080,94.27209,-7.82292,55599.19135,0
1007034026670,16.888,0.087,94.27196,-7.82295,55599.19764,0
1007034026670,16.837,0.085,94.27198,-7.82285,55599.20394,0
1007034026670,16.946,0.087,94.27191,-7.82315,55889.40125,0
1007034026670,17.086,0.090,94.27192,-7.82320,55889.40906,0
1007034026670,16.369,0.075,94.27188,-7.82308,55889.41701,0
1007034026670,17.090,0.090,94.27184,-7.82295,55889.42493,0
1007034026670,16.967,0.088,94.27186,-7.82303,55922.27177,0
1007034026670,17.482,0.103,94.27213,-7.82307,55922.27788,0
1007034026670,16.682,0.081,94.27195,-7.82310,55922.28409,0
1007034026670,17.309,0.097,94.27175,-7.82329,55922.29031,0
1007034026670,16.916,0.087,94.27176,-7.82309,55979.15790,0
1007034026670,17.346,0.100,94.27205,-7.82294,55979.16465,0
1007034026670,17.381,0.101,94.27204,-7.82302,55979.17136,0
1007034026670,17.009,0.090,94.27180,-7.82315,55979.17810,0
1007034026670,16.841,0.085,94.27191,-7.82305,56008.11160,0
1007034026670,16.826,0.085,94.27172,-7.82318,56008.12073,0
1007034026670,17.102,0.092,94.27199,-7.82319,56008.12979,0
1007034026670,17.160,0.094,94.27182,-7.82310,56008.13888,0
1007034026684,17.557,0.112,94.28856,-7.82214,54830.27443,0
1007034026684,17.544,0.112,94.28857,-7.82217,54830.27983,0
1007034026684,17.675,0.117,94.28847,-7.82217,54830.28523,0
1007034026684,17.649,0.116,94.28842,-7.82215,54830.29053,0
1007034026684,17.644,0.116,94.28852,-7.82214,54830.29593,0
1007034026684,17.721,0.131,94.28838,-7.82208,54527.21398,0
1007034026684,17.759,0.134,94.28849,-7.82215,54527.22118,0
1007034026684,17.796,0.131,94.28837,-7.82220,54527.22838,0
1007034026684,17.635,0.127,94.28837,-7.82208,54527.23557,0
1007034026684,17.528,0.121,94.28845,-7.82211,54794.44231,0
1007034026684,17.676,0.135,94.28848,-7.82215,54794.44623,0
1007034026684,17.582,0.130,94.28847,-7.82220,54794.45014,0
1007034026684,17.681,0.135,94.28843,-7.82214,54794.45407,0
1007034026684,17.544,0.123,94.28850,-7.82218,54794.45801,0
1007034026684,17.687,0.110,94.28849,-7.82220,55157.43709,0
1007034026684,17.704,0.111,94.28853,-7.82228,55157.44256,0
1007034026684,17.709,0.111,94.28840,-7.82219,55157.44802,0
1007034026684,17.687,0.113,94.28846,-7.82223,55157.45356,0
1007034026684,17.759,0.113,94.28848,-7.82215,55157.45913,0
1007034026684,17.625,0.111,94.28851,-7.82214,55517.32235,0
1007034026684,17.616,0.110,94.28857,-7.82226,55517.33275,0
1007034026684,17.618,0.110,94.28850,-7.82212,55517.33797,0
1007034026684,17.675,0.111,94.28848,-7.82218,55599.19135,0
1007034026684,17.707,0.113,94.28851,-7.82215,55599.19764,0
1007034026684,17.681,0.111,94.28846,-7.82218,55599.20394,0
1007034026684,17.513,0.105,94.28859,-7.82211,55599.21019,0
1007034026684,17.615,0.107,94.28853,-7.82216,55889.40125,0
1007034026684,17.591,0.106,94.28843,-7.82210,55889.40906,0
1007034026684,17.546,0.105,94.28835,-7.82229,55889.41701,0
1007034026684,17.664,0.109,94.28836,-7.82225,55889.42493,0
1007034026684,17.589,0.107,94.28852,-7.82221,55922.27177,0
1007034026684,17.672,0.110,94.28822,-7.82215,55922.27788,0
1007034026684,17.600,0.107,94.28833,-7.82214,55922.28409,0
1007034026684,17.645,0.109,94.28843,-7.82221,55922.29031,0
1007034026684,17.708,0.113,94.28831,-7.82212,55979.15790,0
1007034026684,17.632,0.110,94.28832,-7.82215,55979.16465,0
1007034026684,17.483,0.104,94.28846,-7.82212,55979.17136,0
1007034026684,17.708,0.113,94.28842,-7.82221,55979.17810,0
1007034026684,17.476,0.104,94.28849,-7.82220,56008.11160,0
1007034026684,17.476,0.104,94.28844,-7.82213,56008.12073,0
1007034026684,17.644,0.110,94.28837,-7.82210,56008.12979,0
1007034026684,17.518,0.105,94.28827,-7.82220,56008.13888,0
1007034026709,12.375,0.052,94.31404,-7.83691,54830.27443,0
1007034026709,12.390,0.052,94.31404,-7.83692,54830.27983,0
1007034026709,12.381,0.052,94.31405,-7.83692,54830.28523,0
1007034026709,12.391,0.052,94.31404,-7.83691,54830.29053,0
1007034026709,12.394,0.052,94.31404,-7.83689,54830.29593,0
1007034026709,12.322,0.052,94.31406,-7.83686,54527.21398,0
1007034026709,12.315,0.052,94.31406,-7.83688,54527.22118,0
1007034026709,12.394,0.052,94.31407,-7.83686,54527.22838,0
1007034026709,12.328,0.052,94.31407,-7.83690,54527.23557,0
1007034026709,12.340,0.052,94.31404,-7.83691,54794.44231,0
1007034026709,12.281,0.052,94.31403,-7.83691,54794.44623,0
1007034026709,12.317,0.052,94.31404,-7.83690,54794.45014,0
1007034026709,12.289,0.052,94.31403,-7.83692,54794.45407,0
1007034026709,12.317,0.052,94.31405,-7.83693,54794.45801,0
1007034026709,12.516,0.051,94.31405,-7.83691,55157.43709,0
1007034026709,12.521,0.051,94.31406,-7.83690,55157.44256,0
1007034026709,12.535,0.051,94.31406,-7.83690,55157.44802,0
1007034026709,12.529,0.052,94.31404,-7.83691,55157.45356,0
1007034026709,12.518,0.051,94.31406,-7.83690,55157.45913,0
1007034026709,12.374,0.051,94.31403,-7.83695,55517.32235,0
1007034026709,12.462,0.051,94.31404,-7.83692,55517.33275,0
1007034026709,12.432,0.051,94.31403,-7.83694,55517.33797,0
1007034026709,12.469,0.051,94.31408,-7.83694,55599.19135,0
1007034026709,12.510,0.051,94.31407,-7.83692,55599.19764,0
1007034026709,12.436,0.051,94.31405,-7.83692,55599.20394,0
1007034026709,12.464,0.051,94.31406,-7.83693,55599.21019,0
1007034026709,12.512,0.051,94.31403,-7.83691,55889.40125,0
1007034026709,12.477,0.051,94.31401,-7.83690,55889.40906,0
1007034026709,12.475,0.051,94.31403,-7.83691,55889.41701,0
1007034026709,12.468,0.051,94.31402,-7.83691,55889.42493,0
1007034026709,12.447,0.051,94.31401,-7.83694,55922.27177,0
1007034026709,12.468,0.051,94.31402,-7.83692,55922.27788,0
1007034026709,12.486,0.051,94.31403,-7.83691,55922.28409,0
1007034026709,12.482,0.051,94.31403,-7.83693,55922.29031,0
1007034026709,12.450,0.051,94.31402,-7.83692,55979.15790,0
1007034026709,12.482,0.051,94.31405,-7.83691,55979.16465,0
1007034026709,12.480,0.051,94.31402,-7.83691,55979.17136,0
1007034026709,12.492,0.051,94.31403,-7.83689,55979.17810,0
1007034026709,12.528,0.051,94.31406,-7.83692,56008.11160,0
1007034026709,12.531,0.051,94.31405,-7.83691,56008.12073,0
1007034026709,12.507,0.051,94.31402,-7.83691,56008.12979,0
1007034026709,12.454,0.051,94.31404,-7.83693,56008.13888,0
1007034026731,18.353,0.155,94.28206,-7.81732,54830.27443,0
1007034026731,18.383,0.156,94.28203,-7.81723,54830.27983,0
1007034026731,18.138,0.141,94.28202,-7.81742,54830.28523,0
1007034026731,18.312,0.152,94.28196,-7.81738,54830.29053,0
1007034026731,18.323,0.153,94.28198,-7.81731,54830.29593,0
1007034026731,18.859,0.219,94.28206,-7.81745,54527.21398,0
1007034026731,18.426,0.176,94.28199,-7.81763,54794.44231,0
1007034026731,18.177,0.167,94.28190,-7.81746,54794.44623,0
1007034026731,18.360,0.183,94.28181,-7.81758,54794.45014,0
1007034026731,18.668,0.211,94.28173,-7.81751,54794.45407,0
1007034026731,18.447,0.182,94.28197,-7.81740,54794.45801,0
1007034026731,18.226,0.135,94.28197,-7.81729,55157.44256,0
1007034026731,18.451,0.149,94.28190,-7.81726,55157.44802,0
1007034026731,18.202,0.134,94.28192,-7.81750,55157.45913,0
1007034026731,18.839,0.184,94.28218,-7.81747,55517.32235,0
1007034026731,18.529,0.159,94.28196,-7.81742,55517.33275,0
1007034026731,18.737,0.175,94.28213,-7.81725,55517.33797,0
1007034026731,18.338,0.144,94.28222,-7.81741,55599.19135,0
1007034026731,17.893,0.121,94.28186,-7.81734,55599.19764,0
1007034026731,18.388,0.147,94.28203,-7.81713,55599.20394,0
1007034026731,17.988,0.125,94.28193,-7.81717,55599.21019,0
1007034026731,17.859,0.117,94.28177,-7.81760,55889.40125,0
1007034026731,18.603,0.159,94.28214,-7.81739,55889.41701,0
1007034026731,18.644,0.162,94.28179,-7.81755,55889.42493,0
1007034026731,18.344,0.143,94.28199,-7.81740,55922.27177,0
1007034026731,18.393,0.146,94.28182,-7.81743,55922.27788,0
1007034026731,18.561,0.157,94.28193,-7.81741,55922.29031,0
1007034026731,18.396,0.148,94.28188,-7.81735,55979.15790,0
1007034026731,18.332,0.144,94.28196,-7.81745,55979.16465,0
1007034026731,18.377,0.147,94.28198,-7.81749,55979.17136,0
1007034026731,18.081,0.130,94.28202,-7.81717,55979.17810,0
1007034026731,17.762,0.115,94.28211,-7.81734,56008.11160,0
1007034026731,18.037,0.127,94.28188,-7.81747,56008.12073,0
1007034026731,18.194,0.136,94.28196,-7.81734,56008.12979,0
1007034026731,18.350,0.145,94.28193,-7.81759,56008.13888,0
1007034026737,19.655,0.293,94.29984,-7.81593,54830.27443,0
1007034026737,19.694,0.298,94.29969,-7.81602,54830.27983,0
1007034026737,19.460,0.264,94.29996,-7.81553,54830.28523,0
1007034026737,19.167,0.228,94.30021,-7.81566,54830.29053,0
1007034026737,19.317,0.245,94.30006,-7.81587,54830.29593,0
1007034026737,19.715,0.274,94.29984,-7.81563,55157.44256,0
1007034026737,19.345,0.227,94.29957,-7.81617,55157.45913,0
1007034026737,19.723,0.281,94.30008,-7.81569,55599.19135,0
1007034026737,19.561,0.259,94.30000,-7.81594,55599.19764,0
1007034026737,19.715,0.279,94.29997,-7.81584,55599.20394,0
1007034026737,19.190,0.209,94.29998,-7.81593,55889.41701,0
1007034026737,20.350,0.390,94.29997,-7.81579,55922.27177,0
1007034026737,19.659,0.273,94.29968,-7.81610,55979.17810,0
1007034026737,19.092,0.203,94.29981,-7.81588,56008.11160,0
1007034026737,19.602,0.263,94.30009,-7.81574,56008.12073,0
1007034026754,18.985,0.207,94.31372,-7.81893,54830.27443,0
1007034026754,19.717,0.302,94.31373,-7.81882,54830.28523,0
1007034026754,19.314,0.245,94.31409,-7.81921,54830.29593,0
1007034026754,18.953,0.233,94.31411,-7.81976,54794.45801,0
1007034026754,19.380,0.230,94.31364,-7.81898,55157.43709,0
1007034026754,19.182,0.209,94.31393,-7.81929,55157.44802,0
1007034026754,18.753,0.176,94.31469,-7.81907,55157.45356,0
1007034026754,19.020,0.196,94.31408,-7.81943,55599.19135,0
1007034026754,19.384,0.237,94.31401,-7.81889,55599.19764,0
1007034026754,19.349,0.228,94.31387,-7.81925,55922.27788,0
1007034026754,19.502,0.247,94.31300,-7.81840,55922.28409,0
1007034026754,19.730,0.283,94.31353,-7.81960,55979.16465,0
1007034026754,19.519,0.254,94.31331,-7.81883,55979.17136,0
1007034026754,19.360,0.234,94.31359,-7.81880,55979.17810,0
1007034026781,18.140,0.141,94.31020,-7.81870,54830.27443,0
1007034026781,18.151,0.141,94.31026,-7.81871,54830.27983,0
1007034026781,18.047,0.136,94.31007,-7.81859,54830.28523,0
1007034026781,17.914,0.129,94.31019,-7.81870,54830.29053,0
1007034026781,18.174,0.143,94.31011,-7.81858,54830.29593,0
1007034026781,18.048,0.150,94.31014,-7.81859,54527.21398,0
1007034026781,18.428,0.179,94.31006,-7.81868,54527.22118,0
1007034026781,17.752,0.129,94.31044,-7.81859,54527.22838,0
1007034026781,17.892,0.142,94.31021,-7.81856,54527.23557,0
1007034026781,18.185,0.158,94.31010,-7.81871,54794.44231,0
1007034026781,17.916,0.149,94.31003,-7.81868,54794.44623,0
1007034026781,18.099,0.163,94.31004,-7.81870,54794.45014,0
1007034026781,17.878,0.146,94.31019,-7.81876,54794.45407,0
1007034026781,18.015,0.150,94.31024,-7.81872,54794.45801,0
1007034026781,18.122,0.130,94.31011,-7.81867,55157.43709,0
1007034026781,18.198,0.134,94.31010,-7.81866,55157.44256,0
1007034026781,18.106,0.129,94.31023,-7.81876,55157.44802,0
1007034026781,18.045,0.129,94.31011,-7.81875,55157.45356,0
1007034026781,18.121,0.130,94.31012,-7.81862,55157.45913,0
1007034026781,18.277,0.143,94.31000,-7.81876,55517.32235,0
1007034026781,18.054,0.130,94.31028,-7.81877,55517.33275,0
1007034026781,18.024,0.128,94.31044,-7.81878,55517.33797,0
1007034026781,17.957,0.123,94.31030,-7.81857,55599.19135,0
1007034026781,18.062,0.129,94.31013,-7.81857,55599.19764,0
1007034026781,18.154,0.133,94.31006,-7.81860,55599.20394,0
1007034026781,18.006,0.126,94.31018,-7.81868,55599.21019,0
1007034026781,17.847,0.117,94.31035,-7.81874,55889.40125,0
1007034026781,18.177,0.132,94.31009,-7.81872,55889.40906,0
1007034026781,18.242,0.136,94.31007,-7.81873,55889.41701,0
1007034026781,18.174,0.132,94.31010,-7.81872,55889.42493,0
1007034026781,17.916,0.120,94.31039,-7.81869,55922.27177,0
1007034026781,18.159,0.132,94.31013,-7.81871,55922.27788,0
1007034026781,18.123,0.131,94.31012,-7.81865,55922.28409,0
1007034026781,18.226,0.136,94.31014,-7.81878,55922.29031,0
1007034026781,18.086,0.130,94.31000,-7.81878,55979.15790,0
1007034026781,18.133,0.133,94.31004,-7.81871,55979.16465,0
1007034026781,18.208,0.137,94.30996,-7.81866,55979.17136,0
1007034026781,18.068,0.130,94.31006,-7.81873,55979.17810,0
1007034026781,18.167,0.134,94.31005,-7.81869,56008.11160,0
1007034026781,18.107,0.131,94.31014,-7.81869,56008.12073,0
1007034026781,18.175,0.135,94.30991,-7.81876,56008.12979,0
1007034026781,18.016,0.126,94.31007,-7.81877,56008.13888,0
1007034026793,18.419,0.159,94.32800,-7.83238,54830.27443,0
1007034026793,18.387,0.157,94.32823,-7.83254,54830.27983,0
1007034026793,18.677,0.179,94.32795,-7.83239,54830.28523,0
1007034026793,18.231,0.147,94.32780,-7.83266,54830.29053,0
1007034026793,19.013,0.211,94.32780,-7.83256,54830.29593,0
1007034026793,18.495,0.182,94.32771,-7.83262,54794.44231,0
1007034026793,18.374,0.183,94.32782,-7.83217,54794.45407,0
1007034026793,18.698,0.205,94.32812,-7.83275,54794.45801,0
1007034026793,18.300,0.139,94.32814,-7.83227,55157.43709,0
1007034026793,18.634,0.161,94.32782,-7.83249,55157.44256,0
1007034026793,18.121,0.130,94.32826,-7.83185,55157.44802,0
1007034026793,18.438,0.152,94.32801,-7.83275,55157.45356,0
1007034026793,18.318,0.141,94.32812,-7.83196,55157.45913,0
1007034026793,18.457,0.154,94.32849,-7.83260,55517.33275,0
1007034026793,19.052,0.203,94.32825,-7.83245,55517.33797,0
1007034026793,18.506,0.155,94.32815,-7.83261,55599.19135,0
1007034026793,17.881,0.120,94.32796,-7.83237,55599.19764,0
1007034026793,18.731,0.171,94.32808,-7.83219,55599.20394,0
1007034026793,17.919,0.122,94.32799,-7.83231,55599.21019,0
1007034026793,18.412,0.146,94.32818,-7.83204,55889.40125,0
1007034026793,18.738,0.168,94.32834,-7.83254,55889.40906,0
1007034026793,18.092,0.128,94.32816,-7.83242,55889.41701,0
1007034026793,18.181,0.133,94.32796,-7.83239,55889.42493,0
1007034026793,18.189,0.134,94.32776,-7.83285,55922.27177,0
1007034026793,18.505,0.153,94.32802,-7.83223,55922.27788,0
1007034026793,18.538,0.156,94.32793,-7.83305,55922.28409,0
1007034026793,18.417,0.147,94.32809,-7.83232,55922.29031,0
1007034026793,18.891,0.185,94.32766,-7.83283,55979.15790,0
1007034026793,19.230,0.219,94.32816,-7.83250,55979.16465,0
1007034026793,18.968,0.193,94.32804,-7.83250,55979.17136,0
1007034026793,18.631,0.165,94.32793,-7.83267,55979.17810,0
1007034026793,18.681,0.168,94.32806,-7.83247,56008.11160,0
1007034026793,17.906,0.121,94.32799,-7.83235,56008.12073,0
1007034026793,18.301,0.142,94.32814,-7.83216,56008.12979,0
1007034026793,18.730,0.171,94.32792,-7.83256,56008.13888,0
1007034026821,16.354,0.078,94.33330,-7.83067,54830.27443,0
1007034026821,16.336,0.078,94.33329,-7.83066,54830.27983,0
1007034026821,16.427,0.080,94.33336,-7.83060,54830.28523,0
1007034026821,16.366,0.078,94.33333,-7.83061,54830.29053,0
1007034026821,16.253,0.076,94.33326,-7.83059,54830.29593,0
1007034026821,16.372,0.083,94.33331,-7.83061,54527.21398,0
1007034026821,16.402,0.084,94.33337,-7.83048,54527.22118,0
1007034026821,16.496,0.085,94.33329,-7.83054,54527.22838,0
1007034026821,16.315,0.083,94.33333,-7.83061,54527.23557,0
1007034026821,16.370,0.083,94.33329,-7.83064,54794.44231,0
1007034026821,16.439,0.088,94.33333,-7.83063,54794.44623,0
1007034026821,16.340,0.086,94.33334,-7.83048,54794.45014,0
1007034026821,16.377,0.086,94.33331,-7.83060,54794.45407,0
1007034026821,16.296,0.082,94.33328,-7.83074,54794.45801,0
1007034026821,16.370,0.075,94.33329,-7.83066,55157.43709,0
1007034026821,16.390,0.075,94.33334,-7.83060,55157.44256,0
1007034026821,16.396,0.076,94.33332,-7.83066,55157.44802,0
1007034026821,16.408,0.077,94.33336,-7.83066,55157.45356,0
1007034026821,16.334,0.075,94.33331,-7.83066,55157.45913,0
1007034026821,16.332,0.076,94.33326,-7.83064,55517.32235,0
1007034026821,16.277,0.075,94.33332,-7.83056,55517.33275,0
1007034026821,16.393,0.077,94.33337,-7.83065,55517.33797,0
1007034026821,16.318,0.075,94.33336,-7.83058,55599.19135,0
1007034026821,16.371,0.076,94.33336,-7.83065,55599.19764,0
1007034026821,16.274,0.074,94.33327,-7.83069,55599.20394,0
1007034026821,16.320,0.075,94.33330,-7.83063,55599.21019,0
1007034026821,16.345,0.075,94.33328,-7.83070,55889.40125,0
1007034026821,16.376,0.075,94.33329,-7.83063,55889.40906,0
1007034026821,16.283,0.074,94.33328,-7.83066,55889.41701,0
1007034026821,16.469,0.077,94.33330,-7.83061,55889.42493,0
1007034026821,16.324,0.075,94.33329,-7.83056,55922.27177,0
1007034026821,16.318,0.075,94.33335,-7.83064,55922.27788,0
1007034026821,16.400,0.076,94.33325,-7.83062,55922.28409,0
1007034026821,16.373,0.075,94.33328,-7.83063,55922.29031,0
1007034026821,16.315,0.075,94.33334,-7.83064,55979.15790,0
1007034026821,16.293,0.075,94.33327,-7.83061,55979.16465,0
1007034026821,16.412,0.077,94.33321,-7.83065,55979.17136,0
1007034026821,16.382,0.076,94.33329,-7.83064,55979.17810,0
1007034026821,16.264,0.074,94.33325,-7.83061,56008.11160,0
1007034026821,16.370,0.076,94.33328,-7.83067,56008.12073,0
1007034026821,16.364,0.076,94.33319,-7.83056,56008.12979,0
1007034026821,16.412,0.077,94.33330,-7.83065,56008.13888,0
1007034026835,18.007,0.133,94.34170,-7.81902,54830.27443,0
1007034026835,18.148,0.141,94.34167,-7.81906,54830.27983,0
1007034026835,18.103,0.139,94.34169,-7.81904,54830.28523,0
1007034026835,18.154,0.142,94.34161,-7.81898,54830.29053,0
1007034026835,18.146,0.142,94.34167,-7.81898,54830.29593,0
1007034026835,18.344,0.171,94.34190,-7.81883,54527.21398,0
1007034026835,18.437,0.180,94.34150,-7.81902,54527.22118,0
1007034026835,18.331,0.165,94.34156,-7.81897,54527.22838,0
1007034026835,17.920,0.143,94.34166,-7.81895,54527.23557,0
1007034026835,18.122,0.154,94.34159,-7.81902,54794.44231,0
1007034026835,18.350,0.181,94.34156,-7.81896,54794.44623,0
1007034026835,18.227,0.172,94.34159,-7.81907,54794.45014,0
1007034026835,17.872,0.146,94.34152,-7.81903,54794.45407,0
1007034026835,17.856,0.140,94.34174,-7.81901,54794.45801,0
1007034026835,18.008,0.124,94.34173,-7.81897,55157.43709,0
1007034026835,18.057,0.126,94.34179,-7.81909,55157.44256,0
1007034026835,18.054,0.126,94.34169,-7.81893,55157.44802,0
1007034026835,18.047,0.129,94.34173,-7.81901,55157.45356,0
1007034026835,18.214,0.135,94.34168,-7.81902,55157.45913,0
1007034026835,17.979,0.127,94.34175,-7.81883,55517.32235,0
1007034026835,18.022,0.129,94.34180,-7.81910,55517.33275,0
1007034026835,18.202,0.138,94.34166,-7.81908,55517.33797,0
1007034026835,18.103,0.131,94.34171,-7.81894,55599.19135,0
1007034026835,17.916,0.122,94.34172,-7.81886,55599.19764,0
1007034026835,18.060,0.128,94.34164,-7.81898,55599.20394,0
1007034026835,18.190,0.136,94.34174,-7.81894,55599.21019,0
1007034026835,18.148,0.131,94.34161,-7.81906,55889.40125,0
1007034026835,18.166,0.132,94.34176,-7.81909,55889.40906,0
1007034026835,18.104,0.129,94.34175,-7.81894,55889.41701,0
1007034026835,18.253,0.137,94.34162,-7.81894,55889.42493,0
1007034026835,17.933,0.121,94.34178,-7.81907,55922.27177,0
1007034026835,18.180,0.134,94.34170,-7.81896,55922.27788,0
1007034026835,18.227,0.136,94.34174,-7.81888,55922.28409,0
1007034026835,18.285,0.139,94.34165,-7.81907,55922.29031,0
1007034026835,18.061,0.129,94.34157,-7.81907,55979.15790,0
1007034026835,17.998,0.126,94.34156,-7.81902,55979.16465,0
1007034026835,18.182,0.136,94.34166,-7.81911,55979.17136,0
1007034026835,18.082,0.130,94.34168,-7.81886,55979.17810,0
1007034026835,17.996,0.125,94.34170,-7.81903,56008.11160,0
1007034026835,18.131,0.132,94.34144,-7.81913,56008.12073,0
1007034026835,18.029,0.127,94.34162,-7.81913,56008.12979,0
1007034026835,18.160,0.134,94.34159,-7.81895,56008.13888,0
1007034026856,17.180,0.099,94.30046,-7.82218,54830.27443,0
1007034026856,17.142,0.097,94.30048,-7.82215,54830.27983,0
1007034026856,17.181,0.099,94.30044,-7.82214,54830.28523,0
1007034026856,17.135,0.097,94.30036,-7.82213,54830.29053,0
1007034026856,17.016,0.094,94.30039,-7.82211,54830.29593,0
1007034026856,17.026,0.101,94.30029,-7.82218,54527.21398,0
1007034026856,17.196,0.108,94.30036,-7.82203,54527.22118,0
1007034026856,17.071,0.101,94.30029,-7.82215,54527.22838,0
1007034026856,17.081,0.104,94.30053,-7.82215,54527.23557,0
1007034026856,17.132,0.104,94.30041,-7.82211,54794.44231,0
1007034026856,17.013,0.105,94.30050,-7.82214,54794.44623,0
1007034026856,16.955,0.103,94.30050,-7.82210,54794.45014,0
1007034026856,17.253,0.114,94.30041,-7.82217,54794.45407,0
1007034026856,17.157,0.107,94.30043,-7.82217,54794.45801,0
1007034026856,17.117,0.091,94.30041,-7.82212,55157.43709,0
1007034026856,17.174,0.093,94.30041,-7.82215,55157.44256,0
1007034026856,17.173,0.093,94.30041,-7.82214,55157.44802,0
1007034026856,17.164,0.095,94.30042,-7.82214,55157.45356,0
1007034026856,17.041,0.089,94.30040,-7.82214,55157.45913,0
1007034026856,17.132,0.094,94.30050,-7.82215,55517.32235,0
1007034026856,17.090,0.093,94.30046,-7.82212,55517.33275,0
1007034026856,17.126,0.094,94.30035,-7.82208,55517.33797,0
1007034026856,17.133,0.093,94.30047,-7.82213,55599.19135,0
1007034026856,17.120,0.093,94.30051,-7.82206,55599.19764,0
1007034026856,17.129,0.093,94.30040,-7.82214,55599.20394,0
1007034026856,17.051,0.091,94.30036,-7.82207,55599.21019,0
1007034026856,17.119,0.091,94.30042,-7.82210,55889.40125,0
1007034026856,17.137,0.092,94.30026,-7.82220,55889.40906,0
1007034026856,17.100,0.091,94.30029,-7.82226,55889.41701,0
1007034026856,17.212,0.094,94.30038,-7.82206,55889.42493,0
1007034026856,17.115,0.092,94.30034,-7.82229,55922.27177,0
1007034026856,17.103,0.091,94.30038,-7.82212,55922.27788,0
1007034026856,17.127,0.092,94.30034,-7.82216,55922.28409,0
1007034026856,17.210,0.094,94.30036,-7.82216,55922.29031,0
1007034026856,17.032,0.090,94.30040,-7.82219,55979.15790,0
1007034026856,17.128,0.093,94.30044,-7.82214,55979.16465,0
1007034026856,17.084,0.092,94.30036,-7.82211,55979.17136,0
1007034026856,17.140,0.093,94.30036,-7.82201,55979.17810,0
1007034026856,17.184,0.094,94.30037,-7.82212,56008.11160,0
1007034026856,17.194,0.095,94.30043,-7.82208,56008.12073,0
1007034026856,17.126,0.093,94.30035,-7.82208,56008.12979,0
1007034026856,16.987,0.089,94.30035,-7.82212,56008.13888,0
1007034026902,20.276,0.412,94.27600,-7.81044,54830.27983,0
1007034026902,20.248,0.407,94.27620,-7.81057,54830.29053,0
1007034026902,19.936,0.308,94.27581,-7.81030,55157.43709,0
1007034026902,20.582,0.454,94.27582,-7.81007,55599.19764,0
1007034026902,19.590,0.262,94.27638,-7.81038,55599.21019,0
1007034026935,15.581,0.067,94.34390,-7.82387,54830.27443,0
1007034026935,15.572,0.067,94.34391,-7.82387,54830.27983,0
1007034026935,15.570,0.067,94.34388,-7.82385,54830.28523,0
1007034026935,15.575,0.067,94.34385,-7.82386,54830.29053,0
1007034026935,15.580,0.067,94.34388,-7.82387,54830.29593,0
1007034026935,15.581,0.070,94.34397,-7.82381,54527.21398,0
1007034026935,15.603,0.070,94.34388,-7.82384,54527.22118,0
1007034026935,15.637,0.070,94.34385,-7.82382,54527.22838,0
1007034026935,15.605,0.070,94.34390,-7.82380,54527.23557,0
1007034026935,15.593,0.070,94.34388,-7.82386,54794.44231,0
1007034026935,15.577,0.071,94.34387,-7.82387,54794.44623,0
1007034026935,15.580,0.071,94.34386,-7.82385,54794.45014,0
1007034026935,15.544,0.071,94.34387,-7.82385,54794.45407,0
1007034026935,15.594,0.070,94.34392,-7.82384,54794.45801,0
1007034026935,15.605,0.065,94.34387,-7.82385,55157.43709,0
1007034026935,15.610,0.065,94.34388,-7.82386,55157.44256,0
1007034026935,15.593,0.065,94.34391,-7.82385,55157.44802,0
1007034026935,15.635,0.066,94.34385,-7.82391,55157.45356,0
1007034026935,15.593,0.065,94.34388,-7.82387,55157.45913,0
1007034026935,15.593,0.066,94.34388,-7.82387,55517.32235,0
1007034026935,15.589,0.066,94.34391,-7.82386,55517.33275,0
1007034026935,15.591,0.066,94.34391,-7.82389,55517.33797,0
1007034026935,15.580,0.065,94.34392,-7.82387,55599.19135,0
1007034026935,15.567,0.065,94.34389,-7.82384,55599.19764,0
1007034026935,15.579,0.065,94.34387,-7.82388,55599.20394,0
1007034026935,15.569,0.065,94.34388,-7.82385,55599.21019,0
1007034026935,15.633,0.065,94.34387,-7.82387,55889.40125,0
1007034026935,15.624,0.065,94.34386,-7.82386,55889.40906,0
1007034026935,15.587,0.065,94.34391,-7.82389,55889.41701,0
1007034026935,15.631,0.065,94.34385,-7.82386,55889.42493,0
1007034026935,15.617,0.065,94.34384,-7.82387,55922.27177,0
1007034026935,15.631,0.065,94.34386,-7.82384,55922.27788,0
1007034026935,15.614,0.065,94.34392,-7.82388,55922.28409,0
1007034026935,15.641,0.065,94.34384,-7.82387,55922.29031,0
1007034026935,15.591,0.065,94.34387,-7.82387,55979.15790,0
1007034026935,15.596,0.065,94.34389,-7.82387,55979.16465,0
1007034026935,15.626,0.066,94.34383,-7.82387,55979.17136,0
1007034026935,15.611,0.066,94.34386,-7.82385,55979.17810,0
1007034026935,15.571,0.065,94.34389,-7.82387,56008.11160,0
1007034026935,15.609,0.065,94.34385,-7.82388,56008.12073,0
1007034026935,15.573,0.065,94.34386,-7.82389,56008.12979,0
1007034026935,15.601,0.065,94.34385,-7.82389,56008.13888,0
1007034027015,19.033,0.212,94.28060,-7.81085,54830.27443,0
1007034027015,19.155,0.225,94.28063,-7.81120,54830.27983,0
1007034027015,19.181,0.228,94.28044,-7.81104,54830.28523,0
1007034027015,19.173,0.228,94.28070,-7.81123,54830.29053,0
1007034027015,19.620,0.288,94.28062,-7.81119,54830.29593,0
1007034027015,20.067,0.404,94.28075,-7.81136,54527.22838,0
1007034027015,18.608,0.205,94.28053,-7.81087,54794.44623,0
1007034027015,18.850,0.233,94.28089,-7.81091,54794.45014,0
1007034027015,19.043,0.255,94.28072,-7.81110,54794.45407,0
1007034027015,19.097,0.200,94.28067,-7.81131,55157.43709,0
1007034027015,18.961,0.187,94.28056,-7.81120,55157.44256,0
1007034027015,19.485,0.243,94.28052,-7.81097,55157.44802,0
1007034027015,18.732,0.174,94.28075,-7.81140,55157.45356,0
1007034027015,18.507,0.153,94.28070,-7.81117,55157.45913,0
1007034027015,19.379,0.239,94.28041,-7.81132,55517.33275,0
1007034027015,19.629,0.272,94.28047,-7.81118,55517.33797,0
1007034027015,18.823,0.179,94.28065,-7.81116,55599.19135,0
1007034027015,18.985,0.194,94.28071,-7.81140,55599.19764,0
1007034027015,19.271,0.222,94.28074,-7.81102,55599.20394,0
1007034027015,18.870,0.183,94.28063,-7.81125,55599.21019,0
1007034027015,19.347,0.227,94.28071,-7.81115,55889.40125,0
1007034027015,18.738,0.168,94.28045,-7.81111,55889.40906,0
1007034027015,18.884,0.180,94.28043,-7.81114,55889.41701,0
1007034027015,19.457,0.239,94.28047,-7.81138,55889.42493,0
1007034027015,18.747,0.171,94.28067,-7.81115,55922.27177,0
1007034027015,19.098,0.202,94.28018,-7.81129,55922.27788,0
1007034027015,19.350,0.229,94.28054,-7.81122,55922.28409,0
1007034027015,19.478,0.244,94.28078,-7.81129,55922.29031,0
1007034027015,18.739,0.172,94.28075,-7.81103,55979.15790,0
1007034027015,19.372,0.235,94.28070,-7.81088,55979.16465,0
1007034027015,19.078,0.203,94.28064,-7.81127,55979.17136,0
1007034027015,19.304,0.228,94.28083,-7.81134,55979.17810,0
1007034027015,19.101,0.204,94.28101,-7.81109,56008.11160,0
1007034027015,19.024,0.197,94.28060,-7.81116,56008.12073,0
1007034027015,19.099,0.204,94.28085,-7.81105,56008.13888,0
1007034027058,19.733,0.305,94.31074,-7.80879,54830.27983,0
1007034027058,20.261,0.408,94.31114,-7.80853,54830.28523,0
1007034027058,19.593,0.261,94.31019,-7.80869,55599.20394,0
1007034027074,19.109,0.221,94.30197,-7.81124,54830.27443,0
1007034027074,18.864,0.195,94.30204,-7.81132,54830.27983,0
1007034027074,18.872,0.196,94.30214,-7.81132,54830.28523,0
1007034027074,18.775,0.188,94.30213,-7.81132,54830.29053,0
1007034027074,19.420,0.259,94.30191,-7.81132,54830.29593,0
1007034027074,20.263,0.469,94.30213,-7.81078,54527.21398,0
1007034027074,19.428,0.296,94.30157,-7.81133,54527.22118,0
1007034027074,18.769,0.212,94.30198,-7.81140,54527.23557,0
1007034027074,19.012,0.235,94.30197,-7.81108,54794.44231,0
1007034027074,19.234,0.283,94.30184,-7.81139,54794.44623,0
1007034027074,18.822,0.230,94.30175,-7.81153,54794.45014,0
1007034027074,18.775,0.222,94.30224,-7.81141,54794.45407,0
1007034027074,19.238,0.270,94.30208,-7.81145,54794.45801,0
1007034027074,19.355,0.227,94.30185,-7.81133,55157.43709,0
1007034027074,19.117,0.202,94.30216,-7.81163,55157.44256,0
1007034027074,19.119,0.203,94.30188,-7.81121,55157.44802,0
1007034027074,19.280,0.227,94.30215,-7.81140,55157.45356,0
1007034027074,19.086,0.199,94.30194,-7.81135,55157.45913,0
1007034027074,19.379,0.239,94.30203,-7.81111,55517.33275,0
1007034027074,19.158,0.214,94.30246,-7.81147,55517.33797,0
1007034027074,19.068,0.201,94.30215,-7.81121,55599.19135,0
1007034027074,19.217,0.217,94.30215,-7.81132,55599.19764,0
1007034027074,19.136,0.207,94.30206,-7.81130,55599.20394,0
1007034027074,19.242,0.219,94.30198,-7.81120,55599.21019,0
1007034027074,18.879,0.180,94.30204,-7.81149,55889.40125,0
1007034027074,18.979,0.188,94.30175,-7.81124,55889.40906,0
1007034027074,18.821,0.175,94.30199,-7.81127,55889.41701,0
1007034027074,19.125,0.202,94.30202,-7.81136,55889.42493,0
1007034027074,18.987,0.191,94.30218,-7.81144,55922.27177,0
1007034027074,19.040,0.196,94.30199,-7.81134,55922.27788,0
1007034027074,19.154,0.207,94.30198,-7.81111,55922.28409,0
1007034027074,18.913,0.184,94.30209,-7.81136,55922.29031,0
1007034027074,19.019,0.197,94.30208,-7.81146,55979.15790,0
1007034027074,19.832,0.299,94.30222,-7.81149,55979.16465,0
1007034027074,18.911,0.187,94.30199,-7.81123,55979.17136,0
1007034027074,19.158,0.212,94.30193,-7.81111,55979.17810,0
1007034027074,19.488,0.248,94.30186,-7.81132,56008.11160,0
1007034027074,19.063,0.201,94.30213,-7.81123,56008.12073,0
1007034027074,19.053,0.200,94.30195,-7.81151,56008.12979,0
1007034027074,19.136,0.208,94.30194,-7.81135,56008.13888,0
1007034027089,19.670,0.295,94.29100,-7.80824,54830.27443,0
1007034027089,19.953,0.344,94.29137,-7.80822,54830.27983,0
1007034027089,19.509,0.271,94.29143,-7.80856,54830.28523,0
1007034027089,19.891,0.333,94.29110,-7.80831,54830.29053,0
1007034027089,19.484,0.268,94.29136,-7.80855,54830.29593,0
1007034027089,19.680,0.360,94.29121,-7.80827,54794.44623,0
1007034027089,19.384,0.230,94.29095,-7.80848,55157.43709,0
1007034027089,19.628,0.261,94.29110,-7.80827,55157.44256,0
1007034027089,19.813,0.289,94.29104,-7.80843,55157.44802,0
1007034027089,19.700,0.282,94.29105,-7.80838,55157.45356,0
1007034027089,19.496,0.245,94.29091,-7.80830,55157.45913,0
1007034027089,19.370,0.235,94.29090,-7.80821,55599.19764,0
1007034027089,19.943,0.316,94.29103,-7.80851,55599.21019,0
1007034027089,19.724,0.275,94.29093,-7.80829,55889.40125,0
1007034027089,20.099,0.335,94.29080,-7.80848,55889.40906,0
1007034027089,19.882,0.298,94.29096,-7.80831,55889.41701,0
1007034027089,19.322,0.225,94.29113,-7.80853,55922.27788,0
1007034027089,19.563,0.255,94.29097,-7.80861,55922.28409,0
1007034027089,19.840,0.294,94.29123,-7.80851,55922.29031,0
1007034027089,19.912,0.312,94.29129,-7.80839,55979.15790,0
1007034027089,19.731,0.283,94.29087,-7.80819,55979.16465,0
1007034027089,19.663,0.273,94.29111,-7.80829,55979.17136,0
1007034027089,19.986,0.323,94.29057,-7.80838,56008.11160,0
1007034027089,20.495,0.429,94.29091,-7.80846,56008.12073,0
1007034027089,19.875,0.305,94.29088,-7.80850,56008.12979,0
1007034027089,19.665,0.272,94.29107,-7.80841,56008.13888,0
1007034027134,18.929,0.202,94.32755,-7.80734,54830.27443,0
1007034027134,18.937,0.202,94.32739,-7.80738,54830.27983,0
1007034027134,19.157,0.226,94.32749,-7.80706,54830.28523,0
1007034027134,19.127,0.223,94.32733,-7.80737,54830.29053,0
1007034027134,18.990,0.208,94.32730,-7.80732,54830.29593,0
1007034027134,18.885,0.222,94.32744,-7.80723,54527.21398,0
1007034027134,19.399,0.280,94.32739,-7.80724,54527.22838,0
1007034027134,18.785,0.209,94.32746,-7.80744,54794.44231,0
1007034027134,20.066,0.448,94.32750,-7.80735,54794.44623,0
1007034027134,19.186,0.278,94.32738,-7.80708,54794.45014,0
1007034027134,19.398,0.307,94.32729,-7.80723,54794.45407,0
1007034027134,19.089,0.199,94.32733,-7.80754,55157.43709,0
1007034027134,19.132,0.203,94.32753,-7.80728,55157.44256,0
1007034027134,19.058,0.197,94.32727,-7.80719,55157.44802,0
1007034027134,19.527,0.257,94.32744,-7.80715,55157.45356,0
1007034027134,18.891,0.182,94.32749,-7.80725,55157.45913,0
1007034027134,19.661,0.278,94.32764,-7.80730,55517.32235,0
1007034027134,19.171,0.215,94.32734,-7.80724,55517.33275,0
1007034027134,19.078,0.202,94.32745,-7.80727,55599.19135,0
1007034027134,19.014,0.197,94.32760,-7.80720,55599.19764,0
1007034027134,19.219,0.216,94.32742,-7.80710,55599.20394,0
1007034027134,19.067,0.201,94.32727,-7.80730,55599.21019,0
1007034027134,18.789,0.173,94.32719,-7.80735,55889.40125,0
1007034027134,18.941,0.185,94.32756,-7.80726,55889.40906,0
1007034027134,18.955,0.186,94.32742,-7.80731,55889.41701,0
1007034027134,19.015,0.192,94.32718,-7.80735,55889.42493,0
1007034027134,19.477,0.243,94.32735,-7.80716,55922.27177,0
1007034027134,19.026,0.195,94.32717,-7.80721,55922.27788,0
1007034027134,19.185,0.211,94.32737,-7.80741,55922.28409,0
1007034027134,19.222,0.214,94.32775,-7.80718,55922.29031,0
1007034027134,19.037,0.199,94.32742,-7.80716,55979.15790,0
1007034027134,19.158,0.211,94.32732,-7.80742,55979.16465,0
1007034027134,19.124,0.208,94.32715,-7.80732,55979.17136,0
1007034027134,19.110,0.207,94.32746,-7.80734,55979.17810,0
1007034027134,18.966,0.191,94.32724,-7.80726,56008.11160,0
1007034027134,19.137,0.208,94.32732,-7.80717,56008.12073,0
1007034027134,18.893,0.185,94.32754,-7.80703,56008.12979,0
1007034027134,18.964,0.191,94.32719,-7.80742,56008.13888,0
1007034027151,19.204,0.231,94.31952,-7.80844,54830.27443,0
1007034027151,18.924,0.201,94.31978,-7.80822,54830.27983,0
1007034027151,19.044,0.213,94.31969,-7.80815,54830.28523,0
1007034027151,19.088,0.219,94.31954,-7.80830,54830.29053,0
1007034027151,19.004,0.210,94.31970,-7.80838,54830.29593,0
1007034027151,20.089,0.429,94.31926,-7.80859,54527.23557,0
1007034027151,19.243,0.264,94.31967,-7.80819,54794.44231,0
1007034027151,18.837,0.229,94.31959,-7.80880,54794.45407,0
1007034027151,19.588,0.326,94.31896,-7.80877,54794.45801,0
1007034027151,19.528,0.248,94.31956,-7.80835,55157.43709,0
1007034027151,19.844,0.293,94.31939,-7.80819,55157.44256,0
1007034027151,19.400,0.233,94.31968,-7.80817,55157.44802,0
1007034027151,19.459,0.248,94.31971,-7.80841,55157.45356,0
1007034027151,19.054,0.196,94.31983,-7.80838,55157.45913,0
1007034027151,19.023,0.200,94.31962,-7.80829,55517.33275,0
1007034027151,18.669,0.169,94.31961,-7.80803,55517.33797,0
1007034027151,19.523,0.253,94.31966,-7.80840,55599.19135,0
1007034027151,19.252,0.221,94.31967,-7.80840,55599.19764,0
1007034027151,19.363,0.232,94.31944,-7.80834,55599.20394,0
1007034027151,18.540,0.158,94.31958,-7.80858,55599.21019,0
1007034027151,19.277,0.219,94.31949,-7.80840,55889.40125,0
1007034027151,20.173,0.349,94.31972,-7.80846,55889.40906,0
1007034027151,19.471,0.241,94.31960,-7.80850,55889.41701,0
1007034027151,19.154,0.205,94.31926,-7.80848,55889.42493,0
1007034027151,19.071,0.199,94.31962,-7.80833,55922.27177,0
1007034027151,19.344,0.228,94.31946,-7.80856,55922.27788,0
1007034027151,19.317,0.225,94.31943,-7.80860,55922.28409,0
1007034027151,19.432,0.238,94.31947,-7.80849,55922.29031,0
1007034027151,18.890,0.185,94.31982,-7.80842,55979.15790,0
1007034027151,18.827,0.180,94.31951,-7.80837,55979.16465,0
1007034027151,19.323,0.229,94.31947,-7.80822,55979.17136,0
1007034027151,19.031,0.199,94.31963,-7.80820,55979.17810,0
1007034027151,18.774,0.175,94.31980,-7.80825,56008.11160,0
1007034027151,19.184,0.213,94.31957,-7.80852,56008.12073,0
1007034027151,19.237,0.219,94.31944,-7.80865,56008.12979,0
1007034027151,18.785,0.176,94.31972,-7.80846,56008.13888,0
1007034027176,17.188,0.099,94.31563,-7.81110,54830.27443,0
1007034027176,17.158,0.098,94.31571,-7.81113,54830.27983,0
1007034027176,17.210,0.100,94.31564,-7.81109,54830.28523,0
1007034027176,17.217,0.100,94.31559,-7.81111,54830.29053,0
1007034027176,17.180,0.099,94.31574,-7.81109,54830.29593,0
1007034027176,17.274,0.110,94.31555,-7.81114,54527.21398,0
1007034027176,17.084,0.104,94.31564,-7.81094,54527.22118,0
1007034027176,17.280,0.108,94.31565,-7.81110,54527.22838,0
1007034027176,17.204,0.108,94.31563,-7.81100,54527.23557,0
1007034027176,17.233,0.108,94.31564,-7.81110,54794.44231,0
1007034027176,17.204,0.112,94.31558,-7.81108,54794.44623,0
1007034027176,17.374,0.120,94.31556,-7.81112,54794.45014,0
1007034027176,17.206,0.112,94.31559,-7.81106,54794.45407,0
1007034027176,17.170,0.108,94.31547,-7.81117,54794.45801,0
1007034027176,17.267,0.095,94.31563,-7.81117,55157.43709,0
1007034027176,17.244,0.095,94.31559,-7.81106,55157.44256,0
1007034027176,17.190,0.093,94.31565,-7.81106,55157.44802,0
1007034027176,17.224,0.096,94.31557,-7.81109,55157.45356,0
1007034027176,17.206,0.094,94.31558,-7.81113,55157.45913,0
1007034027176,17.171,0.095,94.31566,-7.81108,55517.32235,0
1007034027176,17.261,0.098,94.31569,-7.81114,55517.33275,0
1007034027176,17.244,0.097,94.31569,-7.81116,55517.33797,0
1007034027176,17.172,0.094,94.31570,-7.81109,55599.19135,0
1007034027176,17.261,0.097,94.31568,-7.81097,55599.19764,0
1007034027176,17.233,0.096,94.31565,-7.81116,55599.20394,0
1007034027176,17.221,0.095,94.31563,-7.81115,55599.21019,0
1007034027176,17.218,0.094,94.31557,-7.81116,55889.40125,0
1007034027176,17.270,0.095,94.31563,-7.81124,55889.40906,0
1007034027176,17.210,0.094,94.31560,-7.81116,55889.41701,0
1007034027176,17.137,0.092,94.31557,-7.81111,55889.42493,0
1007034027176,17.299,0.097,94.31560,-7.81112,55922.27177,0
1007034027176,17.210,0.094,94.31560,-7.81116,55922.27788,0
1007034027176,17.343,0.098,94.31558,-7.81111,55922.28409,0
1007034027176,17.140,0.092,94.31560,-7.81109,55922.29031,0
1007034027176,17.135,0.093,94.31560,-7.81112,55979.15790,0
1007034027176,17.126,0.093,94.31559,-7.81111,55979.16465,0
1007034027176,17.202,0.095,94.31560,-7.81111,55979.17136,0
1007034027176,17.245,0.097,94.31550,-7.81105,55979.17810,0
1007034027176,17.176,0.094,94.31567,-7.81110,56008.11160,0
1007034027176,17.212,0.095,94.31551,-7.81115,56008.12073,0
1007034027176,17.132,0.093,94.31558,-7.81109,56008.12979,0
1007034027176,17.295,0.098,94.31551,-7.81117,56008.13888,0
1007034027181,19.658,0.294,94.34050,-7.80617,54830.29593,0
1007034027181,20.263,0.464,94.33996,-7.80610,54794.44231,0
1007034027181,19.920,0.312,94.34048,-7.80580,55599.19135,0
1007034027181,19.744,0.285,94.34000,-7.80583,55599.19764,0
1007034027181,19.790,0.290,94.34032,-7.80600,55599.20394,0
1007034027181,19.921,0.313,94.34018,-7.80634,55599.21019,0
1007034027364,17.964,0.131,94.30494,-7.80511,54830.27443,0
1007034027364,18.125,0.140,94.30495,-7.80516,54830.27983,0
1007034027364,17.957,0.131,94.30497,-7.80514,54830.28523,0
1007034027364,18.083,0.138,94.30497,-7.80514,54830.29053,0
1007034027364,18.151,0.142,94.30493,-7.80520,54830.29593,0
1007034027364,18.131,0.156,94.30480,-7.80507,54527.21398,0
1007034027364,18.321,0.170,94.30517,-7.80518,54527.22118,0
1007034027364,18.019,0.144,94.30483,-7.80506,54527.22838,0
1007034027364,17.980,0.147,94.30487,-7.80541,54527.23557,0
1007034027364,18.256,0.163,94.30494,-7.80514,54794.44231,0
1007034027364,18.146,0.165,94.30493,-7.80511,54794.44623,0
1007034027364,18.072,0.161,94.30494,-7.80515,54794.45014,0
1007034027364,17.881,0.146,94.30495,-7.80521,54794.45407,0
1007034027364,17.918,0.144,94.30472,-7.80517,54794.45801,0
1007034027364,18.111,0.129,94.30494,-7.80513,55157.43709,0
1007034027364,18.178,0.133,94.30485,-7.80521,55157.44256,0
1007034027364,18.221,0.135,94.30481,-7.80505,55157.44802,0
1007034027364,18.107,0.133,94.30499,-7.80506,55157.45356,0
1007034027364,18.184,0.133,94.30497,-7.80523,55157.45913,0
1007034027364,18.216,0.139,94.30488,-7.80520,55517.32235,0
1007034027364,18.051,0.130,94.30501,-7.80513,55517.33275,0
1007034027364,18.060,0.130,94.30502,-7.80510,55517.33797,0
1007034027364,18.215,0.137,94.30493,-7.80512,55599.19135,0
1007034027364,18.425,0.150,94.30492,-7.80511,55599.19764,0
1007034027364,18.061,0.128,94.30493,-7.80507,55599.20394,0
1007034027364,18.147,0.133,94.30492,-7.80510,55599.21019,0
1007034027364,18.249,0.137,94.30482,-7.80515,55889.40125,0
1007034027364,18.240,0.136,94.30475,-7.80514,55889.40906,0
1007034027364,18.016,0.124,94.30504,-7.80503,55889.41701,0
1007034027364,18.167,0.132,94.30488,-7.80527,55889.42493,0
1007034027364,18.271,0.139,94.30486,-7.80509,55922.27177,0
1007034027364,18.312,0.141,94.30495,-7.80513,55922.27788,0
1007034027364,18.259,0.138,94.30492,-7.80515,55922.28409,0
1007034027364,18.137,0.131,94.30497,-7.80525,55922.29031,0
1007034027364,18.150,0.134,94.30501,-7.80510,55979.15790,0
1007034027364,18.107,0.131,94.30491,-7.80507,55979.16465,0
1007034027364,18.133,0.133,94.30483,-7.80516,55979.17136,0
1007034027364,18.119,0.132,94.30477,-7.80504,55979.17810,0
1007034027364,18.151,0.133,94.30476,-7.80522,56008.11160,0
1007034027364,18.151,0.133,94.30491,-7.80516,56008.12073,0
1007034027364,17.926,0.122,94.30498,-7.80507,56008.12979,0
1007034027364,18.076,0.129,94.30485,-7.80520,56008.13888,0
1007034027389,19.530,0.274,94.31121,-7.80296,54830.27443,0
1007034027389,19.315,0.245,94.31137,-7.80307,54830.28523,0
1007034027389,19.381,0.254,94.31114,-7.80302,54830.29053,0
1007034027389,19.391,0.231,94.31145,-7.80289,55157.43709,0
1007034027389,19.491,0.243,94.31144,-7.80291,55157.44256,0
1007034027389,19.895,0.302,94.31131,-7.80282,55157.44802,0
1007034027389,19.862,0.297,94.31161,-7.80274,55157.45913,0
1007034027389,19.648,0.275,94.30934,-7.80304,55517.33275,0
1007034027389,19.537,0.255,94.31129,-7.80303,55599.19135,0
1007034027389,19.835,0.300,94.31157,-7.80278,55599.19764,0
1007034027389,19.756,0.285,94.31128,-7.80276,55599.20394,0
1007034027389,19.759,0.280,94.31147,-7.80319,55889.40125,0
1007034027389,20.100,0.335,94.31133,-7.80313,55889.40906,0
1007034027389,19.474,0.243,94.31137,-7.80281,55922.27177,0
1007034027389,19.097,0.201,94.31070,-7.80298,55922.27788,0
1007034027389,19.828,0.293,94.31139,-7.80288,55922.28409,0
1007034027389,19.346,0.231,94.31143,-7.80351,55979.15790,0
1007034027389,19.890,0.308,94.31109,-7.80290,55979.16465,0
1007034027389,19.452,0.245,94.31105,-7.80288,55979.17136,0
1007034027389,19.918,0.314,94.31165,-7.80313,55979.17810,0
1007034027389,19.265,0.222,94.31114,-7.80309,56008.11160,0
1007034027389,19.934,0.314,94.31126,-7.80327,56008.12073,0
1007034027402,18.505,0.165,94.29133,-7.80417,54830.27443,0
1007034027402,18.341,0.153,94.29145,-7.80406,54830.27983,0
1007034027402,18.261,0.148,94.29135,-7.80398,54830.28523,0
1007034027402,18.405,0.158,94.29140,-7.80396,54830.29053,0
1007034027402,18.476,0.163,94.29136,-7.80417,54830.29593,0
1007034027402,18.581,0.191,94.29153,-7.80411,54527.21398,0
1007034027402,18.842,0.219,94.29073,-7.80401,54527.22118,0
1007034027402,18.415,0.172,94.29142,-7.80435,54527.22838,0
1007034027402,18.170,0.160,94.29126,-7.80379,54527.23557,0
1007034027402,18.228,0.161,94.29132,-7.80404,54794.44231,0
1007034027402,18.330,0.180,94.29183,-7.80412,54794.44623,0
1007034027402,18.431,0.190,94.29146,-7.80396,54794.45014,0
1007034027402,18.486,0.193,94.29142,-7.80426,54794.45407,0
1007034027402,18.572,0.193,94.29077,-7.80407,54794.45801,0
1007034027402,18.633,0.161,94.29138,-7.80418,55157.43709,0
1007034027402,18.379,0.144,94.29163,-7.80411,55157.44256,0
1007034027402,18.533,0.154,94.29142,-7.80412,55157.44802,0
1007034027402,18.624,0.165,94.29128,-7.80424,55157.45356,0
1007034027402,18.384,0.145,94.29149,-7.80406,55157.45913,0
1007034027402,18.498,0.157,94.29161,-7.80408,55517.32235,0
1007034027402,18.665,0.169,94.29153,-7.80425,55517.33275,0
1007034027402,18.566,0.162,94.29147,-7.80391,55517.33797,0
1007034027402,18.512,0.155,94.29120,-7.80392,55599.19135,0
1007034027402,18.611,0.163,94.29129,-7.80407,55599.19764,0
1007034027402,18.356,0.145,94.29126,-7.80405,55599.20394,0
1007034027402,18.479,0.153,94.29142,-7.80426,55599.21019,0
1007034027402,18.552,0.155,94.29140,-7.80395,55889.40125,0
1007034027402,18.215,0.134,94.29135,-7.80422,55889.40906,0
1007034027402,18.381,0.144,94.29128,-7.80401,55889.41701,0
1007034027402,18.386,0.144,94.29154,-7.80419,55889.42493,0
1007034027402,18.724,0.169,94.29134,-7.80418,55922.27177,0
1007034027402,18.737,0.170,94.29125,-7.80415,55922.27788,0
1007034027402,18.666,0.165,94.29153,-7.80410,55922.28409,0
1007034027402,18.561,0.157,94.29131,-7.80411,55922.29031,0
1007034027402,18.505,0.155,94.29147,-7.80410,55979.15790,0
1007034027402,18.589,0.161,94.29141,-7.80414,55979.16465,0
1007034027402,18.636,0.165,94.29125,-7.80404,55979.17136,0
1007034027402,18.942,0.191,94.29063,-7.80375,55979.17810,0
1007034027402,19.237,0.220,94.29204,-7.80444,55979.17810,1
1007034027402,18.840,0.180,94.29040,-7.80398,56008.11160,0
1007034027402,18.973,0.192,94.29214,-7.80435,56008.11160,1
1007034027402,18.459,0.152,94.29131,-7.80410,56008.12073,0
1007034027402,18.918,0.187,94.29154,-7.80423,56008.12979,0
1007034027402,18.545,0.158,94.29149,-7.80422,56008.13888,0
1007034027404,12.007,0.051,94.32356,-7.82659,54830.27443,0
1007034027404,12.000,0.051,94.32354,-7.82658,54830.27983,0
1007034027404,12.014,0.051,94.32356,-7.82657,54830.28523,0
1007034027404,11.986,0.051,94.32356,-7.82659,54830.29053,0
1007034027404,12.045,0.051,94.32356,-7.82656,54830.29593,0
1007034027404,11.802,0.051,94.32353,-7.82654,54527.21398,0
1007034027404,11.712,0.051,94.32357,-7.82658,54527.22118,0
1007034027404,11.907,0.051,94.32352,-7.82656,54527.22838,0
1007034027404,11.813,0.051,94.32355,-7.82654,54527.23557,0
1007034027404,11.959,0.051,94.32354,-7.82658,54794.44231,0
1007034027404,11.805,0.051,94.32352,-7.82658,54794.44623,0
1007034027404,11.882,0.052,94.32353,-7.82657,54794.45014,0
1007034027404,11.840,0.051,94.32351,-7.82658,54794.45407,0
1007034027404,11.893,0.051,94.32354,-7.82659,54794.45801,0
1007034027404,12.156,0.051,94.32357,-7.82657,55157.43709,0
1007034027404,12.160,0.051,94.32358,-7.82657,55157.44256,0
1007034027404,12.198,0.051,94.32356,-7.82660,55157.44802,0
1007034027404,12.128,0.051,94.32354,-7.82661,55157.45356,0
1007034027404,12.146,0.051,94.32357,-7.82658,55157.45913,0
1007034027404,11.956,0.051,94.32359,-7.82664,55517.32235,0
1007034027404,12.099,0.051,94.32356,-7.82659,55517.33275,0
1007034027404,12.071,0.051,94.32355,-7.82664,55517.33797,0
1007034027404,12.075,0.051,94.32360,-7.82660,55599.19135,0
1007034027404,12.127,0.051,94.32358,-7.82664,55599.19764,0
1007034027404,12.034,0.051,94.32356,-7.82662,55599.20394,0
1007034027404,12.136,0.051,94.32356,-7.82661,55599.21019,0
1007034027404,12.127,0.051,94.32356,-7.82658,55889.40125,0
1007034027404,12.071,0.051,94.32351,-7.82658,55889.40906,0
1007034027404,12.106,0.051,94.32353,-7.82655,55889.41701,0
1007034027404,12.102,0.051,94.32354,-7.82656,55889.42493,0
1007034027404,12.058,0.051,94.32353,-7.82661,55922.27177,0
1007034027404,12.000,0.051,94.32361,-7.82661,55922.27788,0
1007034027404,12.050,0.051,94.32360,-7.82660,55922.28409,0
1007034027404,12.061,0.051,94.32359,-7.82660,55922.29031,0
1007034027404,12.054,0.051,94.32352,-7.82659,55979.15790,0
1007034027404,12.060,0.051,94.32357,-7.82658,55979.16465,0
1007034027404,12.077,0.051,94.32360,-7.82658,55979.17136,0
1007034027404,12.034,0.051,94.32360,-7.82659,55979.17810,0
1007034027404,12.112,0.051,94.32358,-7.82661,56008.11160,0
1007034027404,12.114,0.051,94.32353,-7.82661,56008.12073,0
1007034027404,12.077,0.051,94.32360,-7.82659,56008.12979,0
1007034027404,12.059,0.051,94.32353,-7.82658,56008.13888,0
1007034027405,19.676,0.296,94.34972,-7.80246,54830.27983,0
1007034027405,19.881,0.299,94.34951,-7.80215,55157.43709,0
1007034027405,19.670,0.267,94.34993,-7.80195,55157.44256,0
1007034027405,19.189,0.210,94.34986,-7.80220,55157.44802,0
1007034027405,19.945,0.310,94.34950,-7.80254,55157.45913,0
1007034027405,20.314,0.396,94.35006,-7.80198,55517.33275,0
1007034027405,20.157,0.357,94.34964,-7.80184,55599.19764,0
1007034027405,20.304,0.385,94.34977,-7.80205,55599.20394,0
1007034027405,19.881,0.306,94.34995,-7.80213,55599.21019,0
1007034027405,20.092,0.336,94.34982,-7.80223,55889.40125,0
1007034027405,20.153,0.350,94.34967,-7.80219,55922.28409,0
1007034027405,19.840,0.295,94.34932,-7.80234,55922.29031,0
1007034027405,19.686,0.276,94.34987,-7.80206,55979.16465,0
1007034027405,19.321,0.228,94.34943,-7.80235,56008.12073,0
1007034027446,16.917,0.091,94.33278,-7.80869,54830.27443,0
1007034027446,16.973,0.092,94.33271,-7.80860,54830.27983,0
1007034027446,16.907,0.091,94.33277,-7.80870,54830.28523,0
1007034027446,16.983,0.093,94.33272,-7.80864,54830.29053,0
1007034027446,16.930,0.091,94.33277,-7.80862,54830.29593,0
1007034027446,16.929,0.098,94.33274,-7.80853,54527.21398,0
1007034027446,17.166,0.107,94.33263,-7.80862,54527.22118,0
1007034027446,17.045,0.100,94.33263,-7.80859,54527.22838,0
1007034027446,17.094,0.104,94.33280,-7.80871,54527.23557,0
1007034027446,17.061,0.102,94.33279,-7.80867,54794.44231,0
1007034027446,16.882,0.100,94.33271,-7.80880,54794.44623,0
1007034027446,17.114,0.109,94.33283,-7.80871,54794.45014,0
1007034027446,16.943,0.102,94.33271,-7.80867,54794.45407,0
1007034027446,16.956,0.100,94.33271,-7.80864,54794.45801,0
1007034027446,17.010,0.088,94.33274,-7.80865,55157.43709,0
1007034027446,17.055,0.090,94.33282,-7.80868,55157.44256,0
1007034027446,17.023,0.089,94.33279,-7.80876,55157.44802,0
1007034027446,17.011,0.090,94.33275,-7.80877,55157.45356,0
1007034027446,16.987,0.088,94.33274,-7.80864,55157.45913,0
1007034027446,16.993,0.090,94.33279,-7.80871,55517.32235,0
1007034027446,17.014,0.091,94.33272,-7.80857,55517.33275,0
1007034027446,16.928,0.088,94.33271,-7.80864,55517.33797,0
1007034027446,16.897,0.087,94.33287,-7.80883,55599.19135,0
1007034027446,18.503,0.155,94.33192,-7.80721,55599.19764,0
1007034027446,17.218,0.096,94.33305,-7.80921,55599.19764,1
1007034027446,18.322,0.143,94.33212,-7.80716,55599.20394,0
1007034027446,17.342,0.099,94.33307,-7.80918,55599.20394,1
1007034027446,17.035,0.090,94.33272,-7.80872,55599.21019,0
1007034027446,16.984,0.088,94.33274,-7.80872,55889.40125,0
1007034027446,17.030,0.089,94.33268,-7.80867,55889.40906,0
1007034027446,16.876,0.085,94.33287,-7.80871,55889.41701,0
1007034027446,17.101,0.091,94.33277,-7.80876,55889.42493,0
1007034027446,16.953,0.087,94.33283,-7.80865,55922.27177,0
1007034027446,17.091,0.091,94.33273,-7.80872,55922.27788,0
1007034027446,16.935,0.087,94.33269,-7.80879,55922.28409,0
1007034027446,17.012,0.089,94.33276,-7.80868,55922.29031,0
1007034027446,17.059,0.091,94.33269,-7.80874,55979.15790,0
1007034027446,16.912,0.087,94.33272,-7.80877,55979.16465,0
1007034027446,17.060,0.091,94.33262,-7.80869,55979.17136,0
1007034027446,16.955,0.088,94.33266,-7.80871,55979.17810,0
1007034027446,16.964,0.088,94.33268,-7.80870,56008.11160,0
1007034027446,17.010,0.089,94.33264,-7.80871,56008.12073,0
1007034027446,17.010,0.090,94.33268,-7.80871,56008.12979,0
1007034027446,17.057,0.091,94.33272,-7.80862,56008.13888,0
1007034027453,11.369,0.051,94.26842,-7.82940,54830.27443,0
1007034027453,11.462,0.051,94.26845,-7.82952,54830.29053,0
1007034027453,11.390,0.051,94.26849,-7.82966,54830.29593,0
1007034027453,11.069,0.051,94.26860,-7.82940,54527.23557,0
1007034027453,12.127,0.052,94.26788,-7.82697,54794.44623,0
1007034027453,12.444,0.051,94.26868,-7.82943,55157.45356,0
1007034027453,11.890,0.051,94.26873,-7.82943,55157.45913,0
1007034027453,11.994,0.051,94.26898,-7.82940,55922.27177,0
1007034027453,11.580,0.051,94.26886,-7.82962,55922.27788,0
1007034027453,11.586,0.051,94.26885,-7.82969,55922.29031,0
1007034027453,11.879,0.051,94.26881,-7.82936,56008.12073,0
1007034027453,11.402,0.050,94.26887,-7.82943,56008.13888,0
1007034027457,19.316,0.245,94.33840,-7.80004,54830.27443,0
1007034027457,19.418,0.258,94.33833,-7.79979,54830.27983,0
1007034027457,19.305,0.243,94.33828,-7.79986,54830.28523,0
1007034027457,19.556,0.278,94.33809,-7.79992,54830.29053,0
1007034027457,18.991,0.208,94.33840,-7.79982,54830.29593,0
1007034027457,19.434,0.293,94.33818,-7.79989,54794.44231,0
1007034027457,19.504,0.312,94.33801,-7.80016,54794.45801,0
1007034027457,19.820,0.289,94.33826,-7.79974,55157.43709,0
1007034027457,19.719,0.274,94.33832,-7.79999,55157.44256,0
1007034027457,19.668,0.268,94.33812,-7.79980,55157.44802,0
1007034027457,19.203,0.218,94.33837,-7.79989,55157.45356,0
1007034027457,19.155,0.206,94.33818,-7.79968,55157.45913,0
1007034027457,19.303,0.226,94.33834,-7.79957,55599.19135,0
1007034027457,19.310,0.228,94.33826,-7.79960,55599.19764,0
1007034027457,19.215,0.216,94.33853,-7.79989,55599.20394,0
1007034027457,18.935,0.189,94.33813,-7.79966,55599.21019,0
1007034027457,19.574,0.254,94.33812,-7.80014,55889.40125,0
1007034027457,19.339,0.224,94.33841,-7.79991,55889.40906,0
1007034027457,19.301,0.221,94.33861,-7.80000,55889.41701,0
1007034027457,19.302,0.221,94.33817,-7.79991,55889.42493,0
1007034027457,19.482,0.244,94.33802,-7.79984,55922.27177,0
1007034027457,19.857,0.298,94.33811,-7.79989,55922.27788,0
1007034027457,19.314,0.224,94.33820,-7.79981,55922.28409,0
1007034027457,19.473,0.243,94.33817,-7.80012,55922.29031,0
1007034027457,19.528,0.254,94.33845,-7.79973,55979.15790,0
1007034027457,19.052,0.200,94.33837,-7.79997,55979.16465,0
1007034027457,19.285,0.225,94.33823,-7.79972,55979.17136,0
1007034027457,19.348,0.233,94.33832,-7.79964,55979.17810,0
1007034027457,19.113,0.206,94.33764,-7.79992,56008.11160,0
1007034027457,19.148,0.209,94.33853,-7.79995,56008.12073,0
1007034027457,19.040,0.198,94.33849,-7.79987,56008.13888,0
1007034027470,10.703,0.050,94.26378,-7.82901,54830.27443,0
1007034027470,10.698,0.050,94.26392,-7.82836,54830.27983,0
1007034027470,10.375,0.050,94.26374,-7.82936,54830.28523,0
1007034027470,10.299,0.050,94.26387,-7.82940,54830.29053,0
1007034027470,10.258,0.050,94.26378,-7.82911,54830.29593,0
1007034027470,10.737,0.050,94.26389,-7.82856,54527.21398,0
1007034027470,10.066,0.050,94.26394,-7.82828,54527.22118,0
1007034027470,11.093,0.051,94.26385,-7.82884,54527.23557,0
1007034027470,10.431,0.050,94.26389,-7.82887,54794.44231,0
1007034027470, 9.981,0.050,94.26390,-7.82838,54794.44623,0
1007034027470,11.349,0.051,94.26384,-7.82880,54794.45014,0
1007034027470,10.139,0.050,94.26379,-7.82899,54794.45407,0
1007034027470,11.919,0.052,94.26449,-7.82620,54794.45407,1
1007034027470,10.975,0.051,94.26359,-7.82854,54794.45801,0
1007034027470,11.432,0.050,94.26360,-7.82906,55157.43709,0
1007034027470,13.151,0.052,94.26429,-7.82628,55157.43709,1
1007034027470,11.402,0.050,94.26360,-7.82912,55157.44256,0
1007034027470,13.095,0.052,94.26430,-7.82634,55157.44256,1
1007034027470,10.906,0.050,94.26380,-7.82931,55157.44802,0
1007034027470,11.117,0.050,94.26377,-7.82911,55157.45356,0
1007034027470,13.202,0.053,94.26447,-7.82528,55157.45356,1
1007034027470,11.600,0.051,94.26356,-7.82921,55157.45913,0
1007034027470,13.447,0.053,94.26426,-7.82644,55157.45913,1
1007034027470,11.519,0.051,94.26316,-7.82907,55517.32235,0
1007034027470,12.247,0.051,94.26341,-7.82882,55517.33275,0
1007034027470,12.322,0.051,94.26333,-7.82894,55517.33797,0
1007034027470,11.691,0.051,94.26352,-7.82921,55599.19764,0
1007034027470,13.053,0.052,94.26422,-7.82643,55599.19764,1
1007034027470,11.283,0.050,94.26351,-7.82877,55599.21019,0
1007034027470,10.950,0.050,94.26368,-7.82877,55889.40125,0
1007034027470,10.679,0.050,94.26358,-7.82897,55889.40906,0
1007034027470,10.918,0.050,94.26361,-7.82857,55889.41701,0
1007034027470,10.678,0.050,94.26360,-7.82948,55889.42493,0
1007034027470,10.625,0.050,94.26353,-7.82915,55922.27788,0
1007034027470,12.414,0.051,94.26421,-7.82565,55922.27788,1
1007034027470,10.752,0.050,94.26357,-7.82930,55922.28409,0
1007034027470,10.622,0.050,94.26348,-7.82939,55979.15790,0
1007034027470,10.914,0.050,94.26374,-7.82839,55979.16465,0
1007034027470,11.222,0.050,94.26366,-7.82864,55979.17136,0
1007034027470,10.986,0.050,94.26367,-7.82862,55979.17810,0
1007034027470,10.648,0.050,94.26371,-7.82917,56008.12979,0
1007034027470,10.584,0.050,94.26376,-7.82854,56008.13888,0
1007034027508,19.944,0.342,94.28219,-7.79781,54830.27983,0
1007034027508,20.605,0.497,94.28143,-7.79824,54830.28523,0
1007034027508,19.951,0.389,94.28229,-7.79814,54794.44231,0
1007034027508,19.861,0.379,94.28200,-7.79810,54794.45801,0
1007034027508,20.605,0.448,94.28223,-7.79801,55157.44802,0
1007034027508,19.716,0.274,94.28177,-7.79822,55157.45913,0
1007034027508,20.688,0.480,94.28223,-7.79788,55599.19135,0
1007034027508,19.266,0.223,94.28192,-7.79786,55599.19764,0
1007034027508,20.761,0.501,94.28185,-7.79778,55599.21019,0
1007034027508,19.820,0.290,94.28211,-7.79805,55889.40125,0
1007034027508,19.962,0.320,94.28210,-7.79799,55979.15790,0
1007034027508,19.696,0.277,94.28170,-7.79842,56008.12073,0
1007034027508,19.830,0.298,94.28167,-7.79812,56008.12979,0
1007034027574,18.708,0.182,94.25554,-7.81718,54830.27443,0
1007034027574,16.945,0.092,94.25546,-7.81706,54830.27983,0
1007034027574,18.365,0.156,94.25576,-7.81701,54830.29053,0
1007034027574,17.979,0.132,94.25534,-7.81679,54830.29593,0
1007034027574,17.888,0.140,94.25569,-7.81692,54527.21398,0
1007034027574,18.555,0.183,94.25539,-7.81715,54527.22838,0
1007034027574,18.691,0.204,94.25564,-7.81695,54527.23557,0
1007034027574,18.628,0.194,94.25558,-7.81720,54794.44231,0
1007034027574,18.694,0.214,94.25581,-7.81692,54794.44623,0
1007034027574,18.702,0.216,94.25542,-7.81689,54794.45014,0
1007034027574,18.121,0.163,94.25521,-7.81741,54794.45407,0
1007034027574,16.143,0.072,94.25569,-7.81717,55157.44256,0
1007034027574,17.932,0.121,94.25558,-7.81683,55157.44802,0
1007034027574,18.856,0.184,94.25532,-7.81714,55157.45356,0
1007034027574,16.122,0.071,94.25599,-7.81726,55157.45913,0
1007034027574,18.590,0.164,94.25522,-7.81703,55517.32235,0
1007034027574,18.437,0.153,94.25573,-7.81681,55517.33275,0
1007034027574,16.752,0.083,94.25584,-7.81704,55599.19135,0
1007034027574,16.298,0.075,94.25552,-7.81730,55599.20394,0
1007034027574,18.001,0.123,94.25547,-7.81716,55889.42493,0
1007034027574,17.431,0.101,94.25575,-7.81710,55922.27177,0
1007034027574,17.287,0.097,94.25562,-7.81696,55922.28409,0
1007034027574,17.151,0.093,94.25556,-7.81690,55922.29031,0
1007034027574,17.590,0.108,94.25541,-7.81647,55979.16465,0
1007034027574,17.261,0.097,94.25569,-7.81713,55979.17136,0
1007034027574,16.617,0.081,94.25575,-7.81662,55979.17810,0
1007034027574,16.460,0.077,94.25593,-7.81717,56008.12979,0
1007034027574,16.249,0.074,94.25545,-7.81741,56008.13888,0
1007034027597,19.497,0.269,94.30147,-7.79638,54830.27983,0
1007034027597,19.343,0.248,94.30075,-7.79652,54830.28523,0
1007034027597,19.645,0.292,94.30111,-7.79643,54830.29053,0
1007034027597,19.492,0.269,94.30121,-7.79642,54830.29593,0
1007034027597,20.011,0.402,94.30083,-7.79666,54794.44231,0
1007034027597,19.198,0.279,94.30147,-7.79638,54794.45014,0
1007034027597,19.481,0.322,94.30133,-7.79625,54794.45407,0
1007034027597,19.977,0.315,94.30108,-7.79634,55157.43709,0
1007034027597,19.939,0.308,94.30113,-7.79640,55157.44256,0
1007034027597,19.936,0.309,94.30121,-7.79660,55157.44802,0
1007034027597,19.773,0.293,94.30110,-7.79648,55157.45356,0
1007034027597,19.381,0.231,94.30109,-7.79620,55157.45913,0
1007034027597,19.259,0.221,94.30108,-7.79648,55599.19135,0
1007034027597,19.766,0.289,94.30111,-7.79633,55599.19764,0
1007034027597,19.269,0.221,94.30155,-7.79642,55599.20394,0
1007034027597,20.031,0.332,94.30154,-7.79636,55599.21019,0
1007034027597,20.087,0.335,94.30120,-7.79654,55889.40125,0
1007034027597,19.451,0.238,94.30105,-7.79672,55889.40906,0
1007034027597,19.463,0.240,94.30101,-7.79655,55889.42493,0
1007034027597,19.926,0.309,94.30092,-7.79662,55922.27788,0
1007034027597,19.661,0.268,94.30126,-7.79623,55922.28409,0
1007034027597,19.620,0.262,94.30088,-7.79632,55922.29031,0
1007034027597,19.512,0.252,94.30107,-7.79645,55979.16465,0
1007034027597,19.843,0.299,94.30089,-7.79665,56008.11160,0
1007034027597,19.742,0.283,94.30104,-7.79658,56008.12073,0
1007034027597,20.137,0.352,94.30114,-7.79650,56008.12979,0
1007034027597,19.653,0.271,94.30089,-7.79655,56008.13888,0
1007034027600,19.268,0.239,94.27870,-7.79627,54830.27443,0
1007034027600,19.906,0.335,94.27863,-7.79635,54830.27983,0
1007034027600,19.130,0.223,94.27848,-7.79632,54830.28523,0
1007034027600,19.624,0.288,94.27847,-7.79606,54830.29053,0
1007034027600,19.267,0.239,94.27810,-7.79598,54830.29593,0
1007034027600,18.783,0.204,94.27818,-7.79600,54527.22838,0
1007034027600,19.291,0.290,94.27843,-7.79624,54794.45407,0
1007034027600,19.266,0.217,94.27831,-7.79620,55157.43709,0
1007034027600,19.484,0.243,94.27870,-7.79622,55157.44256,0
1007034027600,19.033,0.194,94.27844,-7.79621,55157.44802,0
1007034027600,18.933,0.191,94.27882,-7.79657,55157.45356,0
1007034027600,19.145,0.205,94.27832,-7.79612,55157.45913,0
1007034027600,20.176,0.368,94.27804,-7.79562,55517.32235,0
1007034027600,19.606,0.269,94.27881,-7.79596,55517.33275,0
1007034027600,19.595,0.262,94.27859,-7.79613,55599.19135,0
1007034027600,19.253,0.221,94.27833,-7.79626,55599.19764,0
1007034027600,19.468,0.245,94.27843,-7.79625,55599.20394,0
1007034027600,19.640,0.269,94.27856,-7.79612,55599.21019,0
1007034027600,19.435,0.237,94.27854,-7.79623,55889.40125,0
1007034027600,19.190,0.209,94.27858,-7.79642,55889.40906,0
1007034027600,19.149,0.205,94.27838,-7.79624,55889.41701,0
1007034027600,19.564,0.252,94.27831,-7.79646,55889.42493,0
1007034027600,19.262,0.218,94.27849,-7.79629,55922.27177,0
1007034027600,19.295,0.222,94.27834,-7.79610,55922.27788,0
1007034027600,19.298,0.223,94.27843,-7.79615,55922.28409,0
1007034027600,19.573,0.256,94.27855,-7.79621,55922.29031,0
1007034027600,19.260,0.222,94.27821,-7.79654,55979.15790,0
1007034027600,19.435,0.243,94.27853,-7.79617,55979.16465,0
1007034027600,19.195,0.215,94.27845,-7.79597,55979.17136,0
1007034027600,19.444,0.244,94.27853,-7.79610,55979.17810,0
1007034027600,19.526,0.253,94.27845,-7.79626,56008.11160,0
1007034027600,19.030,0.197,94.27856,-7.79623,56008.12073,0
1007034027600,19.932,0.315,94.27849,-7.79627,56008.12979,0
1007034027621,18.840,0.193,94.29458,-7.79715,54830.27443,0
1007034027621,19.256,0.237,94.29452,-7.79695,54830.27983,0
1007034027621,18.958,0.205,94.29451,-7.79711,54830.28523,0
1007034027621,18.682,0.180,94.29467,-7.79706,54830.29053,0
1007034027621,18.754,0.186,94.29446,-7.79713,54830.29593,0
1007034027621,19.433,0.295,94.29475,-7.79689,54527.21398,0
1007034027621,18.786,0.205,94.29407,-7.79685,54527.22838,0
1007034027621,19.016,0.240,94.29472,-7.79646,54527.23557,0
1007034027621,18.788,0.210,94.29470,-7.79712,54794.44231,0
1007034027621,19.488,0.324,94.29493,-7.79703,54794.44623,0
1007034027621,18.906,0.240,94.29444,-7.79715,54794.45014,0
1007034027621,19.034,0.253,94.29451,-7.79716,54794.45407,0
1007034027621,19.474,0.307,94.29446,-7.79685,54794.45801,0
1007034027621,19.269,0.217,94.29451,-7.79694,55157.43709,0
1007034027621,18.840,0.177,94.29459,-7.79733,55157.44256,0
1007034027621,18.828,0.176,94.29484,-7.79695,55157.44802,0
1007034027621,19.174,0.215,94.29451,-7.79727,55157.45356,0
1007034027621,19.030,0.194,94.29447,-7.79721,55157.45913,0
1007034027621,19.131,0.212,94.29472,-7.79684,55517.32235,0
1007034027621,18.791,0.179,94.29468,-7.79716,55517.33275,0
1007034027621,18.563,0.161,94.29447,-7.79713,55517.33797,0
1007034027621,18.788,0.176,94.29470,-7.79707,55599.19135,0
1007034027621,19.068,0.202,94.29448,-7.79696,55599.19764,0
1007034027621,19.036,0.198,94.29481,-7.79718,55599.20394,0
1007034027621,18.496,0.154,94.29452,-7.79700,55599.21019,0
1007034027621,18.962,0.188,94.29465,-7.79727,55889.40125,0
1007034027621,19.037,0.194,94.29471,-7.79703,55889.40906,0
1007034027621,19.353,0.226,94.29443,-7.79704,55889.41701,0
1007034027621,19.077,0.198,94.29429,-7.79731,55889.42493,0
1007034027621,18.840,0.178,94.29464,-7.79713,55922.27177,0
1007034027621,18.838,0.178,94.29444,-7.79705,55922.27788,0
1007034027621,18.762,0.172,94.29454,-7.79719,55922.28409,0
1007034027621,19.785,0.286,94.29457,-7.79713,55922.29031,0
1007034027621,18.823,0.179,94.29453,-7.79688,55979.15790,0
1007034027621,18.923,0.188,94.29467,-7.79720,55979.16465,0
1007034027621,18.888,0.185,94.29441,-7.79714,55979.17136,0
1007034027621,19.207,0.217,94.29471,-7.79724,55979.17810,0
1007034027621,18.976,0.192,94.29453,-7.79715,56008.11160,0
1007034027621,18.789,0.176,94.29470,-7.79702,56008.12073,0
1007034027621,18.996,0.194,94.29440,-7.79681,56008.12979,0
1007034027621,19.017,0.196,94.29436,-7.79725,56008.13888,0
1007034027630,16.650,0.084,94.27536,-7.80448,54830.27443,0
1007034027630,16.598,0.083,94.27537,-7.80449,54830.27983,0
1007034027630,16.551,0.082,94.27543,-7.80447,54830.28523,0
1007034027630,16.608,0.083,94.27541,-7.80448,54830.29053,0
1007034027630,16.587,0.083,94.27536,-7.80451,54830.29593,0
1007034027630,16.556,0.088,94.27535,-7.80443,54527.21398,0
1007034027630,16.637,0.090,94.27545,-7.80455,54527.22118,0
1007034027630,16.685,0.089,94.27552,-7.80454,54527.22838,0
1007034027630,16.573,0.089,94.27543,-7.80437,54527.23557,0
1007034027630,16.564,0.087,94.27541,-7.80452,54794.44231,0
1007034027630,16.551,0.091,94.27533,-7.80449,54794.44623,0
1007034027630,16.610,0.093,94.27542,-7.80454,54794.45014,0
1007034027630,16.510,0.089,94.27531,-7.80445,54794.45407,0
1007034027630,16.529,0.088,94.27536,-7.80444,54794.45801,0
1007034027630,16.612,0.080,94.27539,-7.80456,55157.43709,0
1007034027630,16.526,0.078,94.27539,-7.80452,55157.44256,0
1007034027630,16.618,0.080,94.27543,-7.80445,55157.44802,0
1007034027630,16.605,0.081,94.27550,-7.80453,55157.45356,0
1007034027630,16.602,0.079,94.27535,-7.80447,55157.45913,0
1007034027630,16.655,0.082,94.27545,-7.80452,55517.32235,0
1007034027630,16.573,0.080,94.27543,-7.80445,55517.33275,0
1007034027630,16.672,0.082,94.27539,-7.80453,55517.33797,0
1007034027630,16.542,0.079,94.27541,-7.80451,55599.19135,0
1007034027630,16.565,0.080,94.27539,-7.80447,55599.19764,0
1007034027630,16.590,0.080,94.27537,-7.80444,55599.20394,0
1007034027630,16.612,0.080,94.27539,-7.80447,55599.21019,0
1007034027630,16.654,0.080,94.27536,-7.80455,55889.40125,0
1007034027630,16.620,0.080,94.27532,-7.80445,55889.40906,0
1007034027630,16.532,0.078,94.27525,-7.80450,55889.41701,0
1007034027630,16.636,0.080,94.27544,-7.80459,55889.42493,0
1007034027630,16.665,0.081,94.27538,-7.80453,55922.27177,0
1007034027630,16.617,0.080,94.27542,-7.80448,55922.27788,0
1007034027630,16.638,0.080,94.27529,-7.80444,55922.28409,0
1007034027630,16.674,0.081,94.27538,-7.80454,55922.29031,0
1007034027630,16.568,0.080,94.27534,-7.80452,55979.15790,0
1007034027630,16.550,0.079,94.27542,-7.80450,55979.16465,0
1007034027630,16.622,0.081,94.27538,-7.80450,55979.17136,0
1007034027630,16.553,0.079,94.27531,-7.80452,55979.17810,0
1007034027630,16.558,0.079,94.27527,-7.80447,56008.11160,0
1007034027630,16.562,0.079,94.27531,-7.80455,56008.12073,0
1007034027630,16.666,0.082,94.27533,-7.80448,56008.12979,0
1007034027630,16.575,0.080,94.27542,-7.80450,56008.13888,0
1007034027661,18.796,0.189,94.27057,-7.80050,54830.27443,0
1007034027661,18.979,0.207,94.27046,-7.80040,54830.27983,0
1007034027661,19.027,0.212,94.27027,-7.80066,54830.28523,0
1007034027661,18.710,0.182,94.27043,-7.80062,54830.29053,0
1007034027661,18.841,0.194,94.27044,-7.80050,54830.29593,0
1007034027661,19.061,0.243,94.27044,-7.80025,54527.21398,0
1007034027661,18.840,0.218,94.27003,-7.80035,54527.22118,0
1007034027661,18.963,0.223,94.27012,-7.80073,54527.22838,0
1007034027661,19.208,0.265,94.27034,-7.80059,54527.23557,0
1007034027661,18.512,0.184,94.27034,-7.80061,54794.44231,0
1007034027661,18.989,0.249,94.27048,-7.80073,54794.44623,0
1007034027661,18.757,0.222,94.27033,-7.80069,54794.45014,0
1007034027661,18.373,0.183,94.27031,-7.80033,54794.45407,0
1007034027661,18.703,0.206,94.27022,-7.80037,54794.45801,0
1007034027661,18.978,0.189,94.27040,-7.80049,55157.43709,0
1007034027661,18.221,0.135,94.27029,-7.80040,55157.44256,0
1007034027661,18.932,0.185,94.27047,-7.80060,55157.44802,0
1007034027661,18.746,0.175,94.27027,-7.80051,55157.45356,0
1007034027661,18.767,0.171,94.27048,-7.80039,55157.45913,0
1007034027661,18.990,0.198,94.27063,-7.80067,55517.32235,0
1007034027661,18.898,0.189,94.27036,-7.80056,55517.33275,0
1007034027661,18.908,0.189,94.27049,-7.80043,55517.33797,0
1007034027661,18.177,0.135,94.27035,-7.80063,55599.19135,0
1007034027661,18.927,0.189,94.27055,-7.80056,55599.19764,0
1007034027661,18.873,0.183,94.27038,-7.80033,55599.20394,0
1007034027661,18.709,0.170,94.27057,-7.80061,55599.21019,0
1007034027661,18.840,0.177,94.27042,-7.80051,55889.40125,0
1007034027661,18.882,0.180,94.27027,-7.80037,55889.40906,0
1007034027661,18.818,0.175,94.27023,-7.80033,55889.41701,0
1007034027661,18.614,0.159,94.27047,-7.80057,55889.42493,0
1007034027661,18.741,0.170,94.27020,-7.80046,55922.27177,0
1007034027661,18.780,0.173,94.27037,-7.80056,55922.27788,0
1007034027661,18.673,0.165,94.27015,-7.80027,55922.28409,0
1007034027661,18.670,0.165,94.27042,-7.80040,55922.29031,0
1007034027661,19.038,0.199,94.27039,-7.80038,55979.15790,0
1007034027661,18.256,0.140,94.27028,-7.80057,55979.16465,0
1007034027661,18.323,0.144,94.27030,-7.80077,55979.17136,0
1007034027661,18.510,0.156,94.27016,-7.80072,55979.17810,0
1007034027661,18.847,0.181,94.27026,-7.80053,56008.11160,0
1007034027661,18.624,0.163,94.27037,-7.80051,56008.12073,0
1007034027661,19.048,0.199,94.27015,-7.80056,56008.12979,0
1007034027661,19.023,0.197,94.27036,-7.80060,56008.13888,0
1007034027709,19.469,0.265,94.33210,-7.79591,54830.27443,0
1007034027709,19.359,0.250,94.33189,-7.79576,54830.27983,0
1007034027709,19.283,0.241,94.33200,-7.79593,54830.28523,0
1007034027709,19.372,0.253,94.33218,-7.79576,54830.29053,0
1007034027709,19.316,0.245,94.33206,-7.79593,54830.29593,0
1007034027709,19.223,0.264,94.33179,-7.79558,54527.21398,0
1007034027709,19.203,0.264,94.33183,-7.79595,54527.23557,0
1007034027709,18.947,0.227,94.33216,-7.79576,54794.44231,0
1007034027709,19.438,0.315,94.33203,-7.79623,54794.44623,0
1007034027709,20.079,0.455,94.33242,-7.79620,54794.45014,0
1007034027709,19.205,0.266,94.33167,-7.79584,54794.45801,0
1007034027709,19.405,0.233,94.33198,-7.79584,55157.43709,0
1007034027709,18.986,0.190,94.33207,-7.79594,55157.44256,0
1007034027709,19.358,0.228,94.33202,-7.79588,55157.44802,0
1007034027709,19.512,0.255,94.33218,-7.79609,55157.45356,0
1007034027709,19.304,0.222,94.33221,-7.79581,55157.45913,0
1007034027709,19.214,0.220,94.33231,-7.79585,55517.33275,0
1007034027709,19.321,0.232,94.33221,-7.79578,55517.33797,0
1007034027709,19.113,0.206,94.33217,-7.79579,55599.19135,0
1007034027709,19.325,0.230,94.33223,-7.79587,55599.19764,0
1007034027709,19.379,0.234,94.33198,-7.79594,55599.20394,0
1007034027709,19.134,0.208,94.33212,-7.79571,55599.21019,0
1007034027709,19.278,0.219,94.33190,-7.79604,55889.40125,0
1007034027709,19.087,0.198,94.33191,-7.79563,55889.40906,0
1007034027709,19.141,0.204,94.33195,-7.79591,55889.41701,0
1007034027709,19.470,0.240,94.33203,-7.79589,55889.42493,0
1007034027709,19.586,0.257,94.33207,-7.79588,55922.27177,0
1007034027709,19.308,0.224,94.33221,-7.79601,55922.27788,0
1007034027709,19.072,0.199,94.33197,-7.79572,55922.28409,0
1007034027709,19.146,0.206,94.33209,-7.79590,55922.29031,0
1007034027709,19.744,0.285,94.33187,-7.79610,55979.15790,0
1007034027709,19.075,0.203,94.33203,-7.79580,55979.16465,0
1007034027709,19.291,0.226,94.33188,-7.79574,55979.17136,0
1007034027709,19.015,0.197,94.33222,-7.79587,55979.17810,0
1007034027709,19.578,0.260,94.33219,-7.79578,56008.11160,0
1007034027709,19.346,0.231,94.33189,-7.79582,56008.12073,0
1007034027709,19.216,0.217,94.33191,-7.79584,56008.12979,0
1007034027709,18.998,0.194,94.33189,-7.79598,56008.13888,0
1007034027747,18.017,0.134,94.33707,-7.79691,54830.27443,0
1007034027747,18.055,0.136,94.33713,-7.79699,54830.27983,0
1007034027747,18.179,0.143,94.33695,-7.79679,54830.28523,0
1007034027747,18.147,0.142,94.33699,-7.79683,54830.29053,0
1007034027747,18.015,0.134,94.33701,-7.79673,54830.29593,0
1007034027747,17.720,0.131,94.33741,-7.79682,54527.21398,0
1007034027747,18.766,0.210,94.33704,-7.79704,54527.22118,0
1007034027747,17.829,0.133,94.33705,-7.79704,54527.22838,0
1007034027747,18.391,0.177,94.33700,-7.79673,54527.23557,0
1007034027747,18.250,0.163,94.33698,-7.79680,54794.44231,0
1007034027747,18.222,0.171,94.33710,-7.79679,54794.44623,0
1007034027747,18.235,0.173,94.33708,-7.79691,54794.45014,0
1007034027747,17.918,0.149,94.33686,-7.79684,54794.45407,0
1007034027747,18.475,0.185,94.33703,-7.79682,54794.45801,0
1007034027747,18.209,0.134,94.33710,-7.79693,55157.43709,0
1007034027747,18.290,0.139,94.33724,-7.79687,55157.44256,0
1007034027747,18.183,0.133,94.33713,-7.79675,55157.44802,0
1007034027747,18.196,0.137,94.33712,-7.79671,55157.45356,0
1007034027747,18.239,0.136,94.33718,-7.79679,55157.45913,0
1007034027747,18.676,0.170,94.33714,-7.79688,55517.32235,0
1007034027747,18.197,0.138,94.33708,-7.79673,55517.33275,0
1007034027747,18.284,0.143,94.33685,-7.79674,55517.33797,0
1007034027747,18.159,0.134,94.33704,-7.79688,55599.19135,0
1007034027747,18.272,0.141,94.33712,-7.79678,55599.19764,0
1007034027747,18.181,0.135,94.33705,-7.79690,55599.20394,0
1007034027747,18.223,0.137,94.33701,-7.79685,55599.21019,0
1007034027747,18.093,0.128,94.33711,-7.79698,55889.40125,0
1007034027747,18.299,0.139,94.33698,-7.79694,55889.40906,0
1007034027747,18.257,0.137,94.33706,-7.79688,55889.41701,0
1007034027747,18.209,0.134,94.33699,-7.79680,55889.42493,0
1007034027747,18.237,0.137,94.33692,-7.79677,55922.27177,0
1007034027747,18.497,0.153,94.33700,-7.79703,55922.27788,0
1007034027747,18.075,0.128,94.33692,-7.79684,55922.28409,0
1007034027747,18.293,0.140,94.33690,-7.79690,55922.29031,0
1007034027747,18.258,0.140,94.33712,-7.79689,55979.15790,0
1007034027747,18.071,0.130,94.33695,-7.79686,55979.16465,0
1007034027747,18.065,0.129,94.33685,-7.79687,55979.17136,0
1007034027747,18.197,0.137,94.33699,-7.79682,55979.17810,0
1007034027747,18.290,0.141,94.33721,-7.79692,56008.11160,0
1007034027747,18.138,0.133,94.33693,-7.79681,56008.12073,0
1007034027747,18.130,0.132,94.33699,-7.79697,56008.12979,0
1007034027747,18.268,0.140,94.33694,-7.79689,56008.13888,0
1007034027811,16.940,0.092,94.26618,-7.79903,54830.27443,0
1007034027811,16.919,0.091,94.26626,-7.79887,54830.27983,0
1007034027811,16.915,0.091,94.26629,-7.79895,54830.28523,0
1007034027811,16.834,0.089,94.26626,-7.79898,54830.29053,0
1007034027811,16.930,0.091,94.26626,-7.79895,54830.29593,0
1007034027811,16.928,0.098,94.26630,-7.79889,54527.21398,0
1007034027811,16.996,0.101,94.26601,-7.79883,54527.22118,0
1007034027811,17.024,0.099,94.26606,-7.79895,54527.22838,0
1007034027811,17.020,0.102,94.26609,-7.79882,54527.23557,0
1007034027811,16.853,0.095,94.26625,-7.79893,54794.44231,0
1007034027811,16.874,0.100,94.26628,-7.79891,54794.44623,0
1007034027811,17.062,0.107,94.26622,-7.79898,54794.45014,0
1007034027811,16.899,0.101,94.26607,-7.79894,54794.45407,0
1007034027811,16.942,0.100,94.26612,-7.79886,54794.45801,0
1007034027811,17.040,0.089,94.26626,-7.79893,55157.43709,0
1007034027811,17.098,0.091,94.26614,-7.79906,55157.44256,0
1007034027811,16.872,0.085,94.26621,-7.79895,55157.44802,0
1007034027811,16.992,0.090,94.26617,-7.79904,55157.45356,0
1007034027811,17.039,0.089,94.26626,-7.79896,55157.45913,0
1007034027811,16.990,0.090,94.26622,-7.79892,55517.32235,0
1007034027811,17.021,0.091,94.26628,-7.79899,55517.33275,0
1007034027811,16.933,0.088,94.26615,-7.79901,55517.33797,0
1007034027811,16.913,0.087,94.26629,-7.79893,55599.19764,0
1007034027811,16.928,0.087,94.26617,-7.79892,55599.20394,0
1007034027811,16.981,0.089,94.26617,-7.79894,55599.21019,0
1007034027811,16.972,0.087,94.26608,-7.79912,55889.40906,0
1007034027811,16.890,0.085,94.26606,-7.79903,55889.41701,0
1007034027811,16.991,0.088,94.26610,-7.79899,55889.42493,0
1007034027811,16.978,0.088,94.26616,-7.79899,55922.27788,0
1007034027811,17.024,0.089,94.26628,-7.79892,55922.28409,0
1007034027811,16.921,0.087,94.26620,-7.79898,55922.29031,0
1007034027811,16.883,0.086,94.26603,-7.79908,55979.15790,0
1007034027811,16.821,0.085,94.26612,-7.79904,55979.17136,0
1007034027811,16.896,0.087,94.26612,-7.79893,55979.17810,0
1007034027811,16.871,0.086,94.26621,-7.79901,56008.11160,0
1007034027811,16.867,0.086,94.26624,-7.79891,56008.12073,0
1007034027811,16.883,0.086,94.26612,-7.79897,56008.12979,0
1007034027811,16.942,0.088,94.26611,-7.79905,56008.13888,0
1007034027814,17.629,0.115,94.32176,-7.79741,54830.27443,0
1007034027814,17.585,0.113,94.32190,-7.79746,54830.27983,0
1007034027814,17.756,0.121,94.32174,-7.79753,54830.28523,0
1007034027814,17.572,0.113,94.32166,-7.79747,54830.29053,0
1007034027814,17.589,0.114,94.32178,-7.79741,54830.29593,0
1007034027814,17.632,0.126,94.32172,-7.79743,54527.21398,0
1007034027814,17.769,0.134,94.32170,-7.79741,54527.22118,0
1007034027814,17.682,0.126,94.32170,-7.79753,54527.22838,0
1007034027814,17.639,0.128,94.32156,-7.79734,54527.23557,0
1007034027814,17.765,0.132,94.32178,-7.79756,54794.44231,0
1007034027814,17.599,0.131,94.32182,-7.79751,54794.44623,0
1007034027814,17.739,0.139,94.32174,-7.79750,54794.45014,0
1007034027814,17.599,0.130,94.32177,-7.79757,54794.45407,0
1007034027814,17.675,0.130,94.32184,-7.79756,54794.45801,0
1007034027814,17.588,0.106,94.32184,-7.79746,55157.43709,0
1007034027814,17.700,0.111,94.32188,-7.79753,55157.44256,0
1007034027814,17.696,0.111,94.32185,-7.79749,55157.44802,0
1007034027814,17.622,0.110,94.32181,-7.79752,55157.45356,0
1007034027814,17.697,0.111,94.32170,-7.79756,55157.45913,0
1007034027814,17.607,0.110,94.32185,-7.79748,55517.32235,0
1007034027814,17.710,0.114,94.32186,-7.79734,55517.33275,0
1007034027814,17.630,0.111,94.32176,-7.79742,55517.33797,0
1007034027814,17.657,0.110,94.32180,-7.79750,55599.19135,0
1007034027814,17.594,0.108,94.32181,-7.79748,55599.19764,0
1007034027814,17.622,0.109,94.32177,-7.79741,55599.20394,0
1007034027814,17.605,0.108,94.32191,-7.79749,55599.21019,0
1007034027814,17.700,0.111,94.32167,-7.79748,55889.40125,0
1007034027814,17.634,0.108,94.32174,-7.79762,55889.40906,0
1007034027814,17.693,0.110,94.32179,-7.79749,55889.41701,0
1007034027814,17.699,0.110,94.32183,-7.79751,55889.42493,0
1007034027814,17.721,0.112,94.32180,-7.79749,55922.27177,0
1007034027814,17.804,0.115,94.32170,-7.79751,55922.27788,0
1007034027814,17.615,0.108,94.32176,-7.79743,55922.28409,0
1007034027814,17.601,0.107,94.32172,-7.79751,55922.29031,0
1007034027814,17.709,0.113,94.32184,-7.79751,55979.15790,0
1007034027814,17.543,0.106,94.32171,-7.79744,55979.16465,0
1007034027814,17.665,0.111,94.32171,-7.79757,55979.17136,0
1007034027814,17.771,0.116,94.32170,-7.79752,55979.17810,0
1007034027814,17.556,0.107,94.32179,-7.79756,56008.11160,0
1007034027814,17.629,0.109,94.32170,-7.79746,56008.12073,0
1007034027814,17.651,0.110,94.32177,-7.79748,56008.12979,0
1007034027814,17.529,0.106,94.32174,-7.79760,56008.13888,0
1007034027834,18.779,0.188,94.29625,-7.79345,54830.27443,0
1007034027834,18.678,0.179,94.29626,-7.79336,54830.27983,0
1007034027834,18.570,0.170,94.29652,-7.79365,54830.28523,0
1007034027834,18.905,0.200,94.29629,-7.79343,54830.29053,0
1007034027834,18.825,0.192,94.29621,-7.79327,54830.29593,0
1007034027834,19.468,0.301,94.29622,-7.79340,54527.21398,0
1007034027834,18.701,0.204,94.29603,-7.79327,54527.22118,0
1007034027834,19.195,0.263,94.29617,-7.79338,54527.23557,0
1007034027834,19.010,0.234,94.29611,-7.79321,54794.44231,0
1007034027834,19.143,0.269,94.29611,-7.79347,54794.44623,0
1007034027834,18.716,0.216,94.29623,-7.79337,54794.45407,0
1007034027834,18.666,0.202,94.29590,-7.79359,54794.45801,0
1007034027834,18.471,0.150,94.29646,-7.79377,55157.43709,0
1007034027834,18.690,0.165,94.29618,-7.79329,55157.44256,0
1007034027834,18.810,0.175,94.29629,-7.79341,55157.44802,0
1007034027834,18.888,0.187,94.29614,-7.79337,55157.45356,0
1007034027834,18.693,0.166,94.29599,-7.79342,55157.45913,0
1007034027834,18.980,0.197,94.29629,-7.79368,55517.32235,0
1007034027834,18.731,0.174,94.29628,-7.79325,55517.33275,0
1007034027834,18.586,0.163,94.29659,-7.79359,55517.33797,0
1007034027834,18.466,0.152,94.29610,-7.79339,55599.19135,0
1007034027834,18.660,0.167,94.29616,-7.79339,55599.19764,0
1007034027834,18.624,0.163,94.29610,-7.79339,55599.20394,0
1007034027834,18.393,0.148,94.29608,-7.79315,55599.21019,0
1007034027834,18.413,0.146,94.29618,-7.79351,55889.40125,0
1007034027834,18.820,0.175,94.29656,-7.79359,55889.40906,0
1007034027834,19.091,0.199,94.29648,-7.79337,55889.41701,0
1007034027834,18.826,0.176,94.29601,-7.79348,55889.42493,0
1007034027834,18.763,0.172,94.29616,-7.79329,55922.27177,0
1007034027834,18.551,0.156,94.29578,-7.79355,55922.27788,0
1007034027834,18.584,0.159,94.29637,-7.79347,55922.28409,0
1007034027834,18.735,0.170,94.29610,-7.79326,55922.29031,0
1007034027834,18.635,0.164,94.29613,-7.79343,55979.15790,0
1007034027834,18.611,0.163,94.29653,-7.79359,55979.16465,0
1007034027834,18.767,0.175,94.29621,-7.79334,55979.17136,0
1007034027834,18.669,0.168,94.29637,-7.79331,55979.17810,0
1007034027834,18.474,0.153,94.29609,-7.79353,56008.11160,0
1007034027834,18.471,0.153,94.29588,-7.79339,56008.12073,0
1007034027834,19.076,0.202,94.29611,-7.79339,56008.12979,0
1007034027834,18.351,0.145,94.29586,-7.79349,56008.13888,0
1007034027847,18.497,0.165,94.27004,-7.79470,54830.27443,0
1007034027847,18.700,0.181,94.27006,-7.79474,54830.27983,0
1007034027847,18.465,0.162,94.27001,-7.79482,54830.28523,0
1007034027847,18.403,0.158,94.27002,-7.79463,54830.29053,0
1007034027847,18.981,0.207,94.26992,-7.79457,54830.29593,0
1007034027847,18.738,0.207,94.26973,-7.79478,54527.21398,0
1007034027847,18.573,0.192,94.26993,-7.79469,54527.22118,0
1007034027847,18.563,0.191,94.27005,-7.79452,54527.23557,0
1007034027847,18.402,0.174,94.26998,-7.79462,54794.44231,0
1007034027847,18.865,0.233,94.27013,-7.79464,54794.44623,0
1007034027847,18.767,0.224,94.26986,-7.79492,54794.45014,0
1007034027847,18.261,0.173,94.26971,-7.79466,54794.45407,0
1007034027847,19.144,0.257,94.26969,-7.79477,54794.45801,0
1007034027847,18.750,0.170,94.26997,-7.79473,55157.43709,0
1007034027847,18.724,0.168,94.27007,-7.79472,55157.44256,0
1007034027847,18.705,0.167,94.27001,-7.79469,55157.44802,0
1007034027847,18.689,0.170,94.27006,-7.79463,55157.45356,0
1007034027847,18.194,0.134,94.26994,-7.79461,55157.45913,0
1007034027847,18.991,0.198,94.27010,-7.79459,55517.32235,0
1007034027847,18.946,0.193,94.26993,-7.79456,55517.33275,0
1007034027847,18.988,0.197,94.26998,-7.79477,55517.33797,0
1007034027847,18.665,0.166,94.27013,-7.79460,55599.19135,0
1007034027847,18.687,0.169,94.27007,-7.79452,55599.19764,0
1007034027847,18.613,0.162,94.26984,-7.79467,55599.20394,0
1007034027847,18.722,0.171,94.27013,-7.79470,55599.21019,0
1007034027847,18.520,0.153,94.26998,-7.79490,55889.40125,0
1007034027847,18.730,0.168,94.26998,-7.79469,55889.40906,0
1007034027847,18.323,0.141,94.26998,-7.79497,55889.41701,0
1007034027847,18.602,0.159,94.26986,-7.79495,55889.42493,0
1007034027847,18.480,0.151,94.27018,-7.79445,55922.27177,0
1007034027847,18.589,0.159,94.26960,-7.79467,55922.27788,0
1007034027847,18.869,0.181,94.26984,-7.79445,55922.28409,0
1007034027847,18.584,0.159,94.26983,-7.79495,55922.29031,0
1007034027847,18.825,0.180,94.26997,-7.79460,55979.15790,0
1007034027847,18.553,0.159,94.27013,-7.79484,55979.16465,0
1007034027847,18.867,0.184,94.27019,-7.79463,55979.17136,0
1007034027847,18.738,0.173,94.26994,-7.79455,55979.17810,0
1007034027847,18.920,0.187,94.26979,-7.79481,56008.11160,0
1007034027847,18.633,0.164,94.26974,-7.79467,56008.12073,0
1007034027847,18.622,0.163,94.26977,-7.79454,56008.12979,0
1007034027847,18.803,0.177,94.26994,-7.79481,56008.13888,0
1007034027882,14.936,0.061,94.27625,-7.81711,54830.27443,0
1007034027882,14.966,0.061,94.27627,-7.81710,54830.27983,0
1007034027882,15.090,0.062,94.27595,-7.81675,54830.28523,0
1007034027882,14.942,0.061,94.27624,-7.81708,54830.29053,0
1007034027882,14.872,0.060,94.27625,-7.81704,54830.29593,0
1007034027882,14.986,0.063,94.27617,-7.81702,54527.22118,0
1007034027882,15.038,0.063,94.27619,-7.81708,54527.22838,0
1007034027882,14.883,0.062,94.27624,-7.81703,54527.23557,0
1007034027882,15.110,0.064,94.27597,-7.81673,54794.44231,0
1007034027882,14.752,0.062,94.27624,-7.81710,54794.44623,0
1007034027882,14.921,0.064,94.27629,-7.81710,54794.45014,0
1007034027882,14.874,0.062,94.27619,-7.81708,54794.45801,0
1007034027882,15.101,0.061,94.27596,-7.81675,55157.44256,0
1007034027882,14.954,0.060,94.27624,-7.81711,55157.44802,0
1007034027882,15.141,0.061,94.27594,-7.81675,55157.45913,0
1007034027882,14.998,0.060,94.27631,-7.81720,55517.32235,0
1007034027882,15.046,0.061,94.27626,-7.81709,55517.33275,0
1007034027882,15.021,0.061,94.27623,-7.81714,55517.33797,0
1007034027882,14.950,0.060,94.27629,-7.81711,55599.19135,0
1007034027882,15.158,0.061,94.27597,-7.81672,55599.19764,0
1007034027882,14.948,0.060,94.27623,-7.81712,55599.20394,0
1007034027882,15.175,0.061,94.27592,-7.81680,55889.40125,0
1007034027882,14.833,0.059,94.27621,-7.81715,55889.40906,0
1007034027882,14.952,0.059,94.27622,-7.81709,55889.41701,0
1007034027882,15.015,0.060,94.27622,-7.81709,55889.42493,0
1007034027882,14.896,0.059,94.27621,-7.81707,55922.27177,0
1007034027882,14.943,0.060,94.27621,-7.81714,55922.27788,0
1007034027882,14.830,0.059,94.27625,-7.81713,55922.28409,0
1007034027882,14.937,0.059,94.27622,-7.81713,55922.29031,0
1007034027882,15.179,0.062,94.27584,-7.81675,55979.15790,0
1007034027882,14.935,0.060,94.27623,-7.81711,55979.16465,0
1007034027882,14.989,0.060,94.27617,-7.81710,55979.17136,0
1007034027882,15.144,0.061,94.27589,-7.81673,55979.17810,0
1007034027882,15.113,0.061,94.27591,-7.81678,56008.11160,0
1007034027882,15.129,0.061,94.27585,-7.81674,56008.12073,0
1007034027882,15.157,0.061,94.27587,-7.81674,56008.12979,0
1007034027882,14.929,0.060,94.27626,-7.81714,56008.13888,0
1007034027898,18.465,0.162,94.27454,-7.79147,54830.27443,0
1007034027898,18.547,0.168,94.27441,-7.79158,54830.27983,0
1007034027898,18.489,0.164,94.27430,-7.79157,54830.28523,0
1007034027898,18.337,0.154,94.27442,-7.79154,54830.29053,0
1007034027898,18.485,0.164,94.27432,-7.79159,54830.29593,0
1007034027898,18.859,0.219,94.27433,-7.79158,54527.21398,0
1007034027898,18.806,0.215,94.27425,-7.79168,54527.22118,0
1007034027898,18.407,0.171,94.27415,-7.79157,54527.22838,0
1007034027898,18.809,0.216,94.27426,-7.79185,54527.23557,0
1007034027898,18.243,0.162,94.27421,-7.79158,54794.44231,0
1007034027898,18.546,0.199,94.27438,-7.79177,54794.44623,0
1007034027898,18.191,0.169,94.27455,-7.79175,54794.45014,0
1007034027898,18.185,0.167,94.27431,-7.79162,54794.45407,0
1007034027898,18.595,0.195,94.27445,-7.79160,54794.45801,0
1007034027898,18.612,0.159,94.27427,-7.79165,55157.43709,0
1007034027898,18.349,0.142,94.27437,-7.79149,55157.44256,0
1007034027898,18.556,0.156,94.27441,-7.79151,55157.44802,0
1007034027898,18.710,0.172,94.27434,-7.79157,55157.45356,0
1007034027898,18.630,0.161,94.27435,-7.79166,55157.45913,0
1007034027898,18.271,0.143,94.27431,-7.79145,55517.32235,0
1007034027898,18.481,0.156,94.27447,-7.79155,55517.33275,0
1007034027898,18.669,0.169,94.27452,-7.79144,55517.33797,0
1007034027898,18.609,0.162,94.27436,-7.79153,55599.19135,0
1007034027898,18.403,0.149,94.27438,-7.79154,55599.19764,0
1007034027898,18.416,0.149,94.27420,-7.79149,55599.20394,0
1007034027898,18.628,0.164,94.27436,-7.79158,55599.21019,0
1007034027898,18.559,0.156,94.27439,-7.79159,55889.40125,0
1007034027898,18.616,0.159,94.27411,-7.79172,55889.40906,0
1007034027898,18.518,0.153,94.27427,-7.79178,55889.41701,0
1007034027898,18.549,0.155,94.27434,-7.79169,55889.42493,0
1007034027898,18.633,0.162,94.27416,-7.79157,55922.27177,0
1007034027898,18.535,0.155,94.27432,-7.79146,55922.27788,0
1007034027898,18.632,0.162,94.27429,-7.79163,55922.28409,0
1007034027898,18.455,0.150,94.27422,-7.79159,55922.29031,0
1007034027898,18.576,0.160,94.27422,-7.79159,55979.15790,0
1007034027898,18.607,0.163,94.27426,-7.79170,55979.16465,0
1007034027898,18.170,0.135,94.27439,-7.79169,55979.17136,0
1007034027898,18.412,0.150,94.27411,-7.79145,55979.17810,0
1007034027898,18.449,0.151,94.27423,-7.79165,56008.11160,0
1007034027898,18.346,0.145,94.27446,-7.79161,56008.12073,0
1007034027898,18.507,0.155,94.27435,-7.79150,56008.12979,0
1007034027898,18.539,0.157,94.27423,-7.79155,56008.13888,0
1007034027950,18.757,0.186,94.32166,-7.79001,54830.27443,0
1007034027950,18.434,0.160,94.32148,-7.78999,54830.27983,0
1007034027950,18.635,0.175,94.32165,-7.79016,54830.28523,0
1007034027950,18.598,0.173,94.32167,-7.79016,54830.29053,0
1007034027950,18.554,0.169,94.32171,-7.79020,54830.29593,0
1007034027950,19.026,0.238,94.32160,-7.79001,54527.21398,0
1007034027950,20.101,0.430,94.32195,-7.78981,54527.22118,0
1007034027950,18.795,0.206,94.32146,-7.78999,54527.22838,0
1007034027950,19.006,0.238,94.32172,-7.79017,54527.23557,0
1007034027950,18.977,0.231,94.32157,-7.79011,54794.44231,0
1007034027950,18.579,0.202,94.32182,-7.79030,54794.44623,0
1007034027950,18.553,0.201,94.32209,-7.79021,54794.45014,0
1007034027950,18.853,0.231,94.32181,-7.79025,54794.45407,0
1007034027950,18.690,0.205,94.32160,-7.79010,54794.45801,0
1007034027950,18.881,0.180,94.32171,-7.79007,55157.43709,0
1007034027950,18.872,0.180,94.32156,-7.79019,55157.44256,0
1007034027950,18.728,0.168,94.32162,-7.78990,55157.44802,0
1007034027950,18.792,0.179,94.32173,-7.78997,55157.45356,0
1007034027950,18.876,0.180,94.32179,-7.78986,55157.45913,0
1007034027950,18.769,0.178,94.32166,-7.79025,55517.32235,0
1007034027950,18.712,0.173,94.32178,-7.79007,55517.33275,0
1007034027950,18.781,0.178,94.32157,-7.78996,55517.33797,0
1007034027950,18.868,0.183,94.32173,-7.78995,55599.19135,0
1007034027950,18.625,0.164,94.32171,-7.79006,55599.19764,0
1007034027950,18.693,0.168,94.32170,-7.79001,55599.20394,0
1007034027950,18.605,0.162,94.32167,-7.78989,55599.21019,0
1007034027950,18.791,0.173,94.32166,-7.79021,55889.40125,0
1007034027950,18.664,0.163,94.32160,-7.79015,55889.40906,0
1007034027950,18.797,0.173,94.32170,-7.79005,55889.41701,0
1007034027950,18.853,0.178,94.32157,-7.79022,55889.42493,0
1007034027950,18.574,0.158,94.32163,-7.79031,55922.27177,0
1007034027950,18.923,0.185,94.32157,-7.79006,55922.27788,0
1007034027950,18.903,0.184,94.32174,-7.79018,55922.28409,0
1007034027950,18.653,0.163,94.32157,-7.79036,55922.29031,0
1007034027950,18.711,0.170,94.32174,-7.79004,55979.15790,0
1007034027950,18.804,0.178,94.32158,-7.79020,55979.16465,0
1007034027950,18.504,0.156,94.32167,-7.79012,55979.17136,0
1007034027950,18.745,0.174,94.32156,-7.79009,55979.17810,0
1007034027950,18.756,0.173,94.32154,-7.78994,56008.11160,0
1007034027950,18.772,0.175,94.32171,-7.78976,56008.12073,0
1007034027950,18.437,0.151,94.32164,-7.79007,56008.12979,0
1007034027950,18.600,0.162,94.32171,-7.79016,56008.13888,0
1007034028021,17.761,0.121,94.29145,-7.79251,54830.27443,0
1007034028021,17.721,0.119,94.29159,-7.79240,54830.27983,0
1007034028021,17.808,0.123,94.29154,-7.79256,54830.28523,0
1007034028021,17.753,0.121,94.29151,-7.79250,54830.29053,0
1007034028021,17.791,0.123,94.29145,-7.79243,54830.29593,0
1007034028021,17.817,0.136,94.29146,-7.79249,54527.21398,0
1007034028021,17.737,0.132,94.29142,-7.79243,54527.22118,0
1007034028021,18.090,0.149,94.29147,-7.79248,54527.22838,0
1007034028021,17.591,0.125,94.29173,-7.79237,54527.23557,0
1007034028021,17.759,0.132,94.29152,-7.79267,54794.44231,0
1007034028021,17.662,0.134,94.29140,-7.79269,54794.44623,0
1007034028021,17.233,0.114,94.29155,-7.79244,54794.45014,0
1007034028021,17.829,0.143,94.29145,-7.79253,54794.45407,0
1007034028021,17.811,0.137,94.29146,-7.79258,54794.45801,0
1007034028021,17.814,0.115,94.29153,-7.79255,55157.43709,0
1007034028021,17.732,0.112,94.29162,-7.79256,55157.44256,0
1007034028021,17.728,0.112,94.29155,-7.79256,55157.44802,0
1007034028021,17.822,0.119,94.29146,-7.79248,55157.45356,0
1007034028021,17.792,0.114,94.29152,-7.79257,55157.45913,0
1007034028021,17.990,0.127,94.29133,-7.79240,55517.32235,0
1007034028021,17.782,0.117,94.29160,-7.79242,55517.33275,0
1007034028021,17.625,0.110,94.29145,-7.79259,55517.33797,0
1007034028021,17.769,0.115,94.29157,-7.79256,55599.19135,0
1007034028021,17.829,0.118,94.29148,-7.79254,55599.19764,0
1007034028021,17.623,0.109,94.29147,-7.79250,55599.20394,0
1007034028021,17.810,0.117,94.29157,-7.79253,55599.21019,0
1007034028021,17.802,0.115,94.29141,-7.79260,55889.40125,0
1007034028021,17.903,0.119,94.29149,-7.79252,55889.40906,0
1007034028021,17.779,0.114,94.29152,-7.79247,55889.41701,0
1007034028021,17.766,0.113,94.29148,-7.79259,55889.42493,0
1007034028021,17.764,0.114,94.29159,-7.79256,55922.27177,0
1007034028021,17.968,0.123,94.29141,-7.79252,55922.27788,0
1007034028021,17.862,0.118,94.29149,-7.79263,55922.28409,0
1007034028021,17.944,0.122,94.29144,-7.79249,55922.29031,0
1007034028021,17.710,0.113,94.29147,-7.79249,55979.15790,0
1007034028021,17.953,0.124,94.29144,-7.79254,55979.16465,0
1007034028021,17.835,0.118,94.29144,-7.79267,55979.17136,0
1007034028021,17.705,0.113,94.29152,-7.79240,55979.17810,0
1007034028021,17.747,0.114,94.29148,-7.79246,56008.11160,0
1007034028021,17.760,0.115,94.29141,-7.79254,56008.12073,0
1007034028021,17.843,0.118,94.29137,-7.79249,56008.12979,0
1007034028021,17.805,0.117,94.29134,-7.79265,56008.13888,0
1007034028062,20.577,0.490,94.31352,-7.79001,54830.27443,0
1007034028062,19.218,0.233,94.31361,-7.79015,54830.27983,0
1007034028062,20.630,0.506,94.31421,-7.79149,54830.29593,0
1007034028062,19.980,0.315,94.31350,-7.78959,55157.44256,0
1007034028062,19.587,0.261,94.31422,-7.79086,55599.20394,0
1007034028062,20.337,0.384,94.31394,-7.79182,55889.40125,0
1007034028062,19.217,0.214,94.31448,-7.79120,55922.27177,0
1007034028062,19.491,0.245,94.31374,-7.78934,55922.29031,0
1007034028062,19.087,0.204,94.31380,-7.78971,55979.16465,0
1007034028062,19.054,0.200,94.31367,-7.78997,56008.12979,0
1007034028082,14.691,0.059,94.26195,-7.79936,54830.27443,0
1007034028082,14.710,0.059,94.26193,-7.79935,54830.27983,0
1007034028082,14.696,0.059,94.26194,-7.79936,54830.28523,0
1007034028082,14.704,0.059,94.26195,-7.79935,54830.29053,0
1007034028082,14.684,0.059,94.26195,-7.79933,54830.29593,0
1007034028082,14.702,0.061,94.26194,-7.79930,54527.21398,0
1007034028082,14.687,0.061,94.26191,-7.79934,54527.22118,0
1007034028082,14.751,0.061,94.26193,-7.79931,54527.22838,0
1007034028082,14.692,0.061,94.26194,-7.79932,54527.23557,0
1007034028082,14.667,0.060,94.26197,-7.79936,54794.44231,0
1007034028082,14.684,0.062,94.26192,-7.79936,54794.44623,0
1007034028082,14.704,0.062,94.26193,-7.79937,54794.45014,0
1007034028082,14.655,0.061,94.26192,-7.79934,54794.45407,0
1007034028082,14.684,0.061,94.26194,-7.79937,54794.45801,0
1007034028082,14.701,0.058,94.26193,-7.79937,55157.43709,0
1007034028082,14.718,0.058,94.26196,-7.79938,55157.44802,0
1007034028082,14.754,0.059,94.26194,-7.79936,55157.45356,0
1007034028082,14.711,0.058,94.26195,-7.79937,55157.45913,0
1007034028082,14.692,0.058,94.26196,-7.79936,55517.32235,0
1007034028082,14.691,0.058,94.26195,-7.79935,55517.33275,0
1007034028082,14.693,0.058,94.26197,-7.79937,55517.33797,0
1007034028082,13.321,0.053,94.26192,-7.79933,55599.19135,0
1007034028082,14.688,0.058,94.26197,-7.79932,55599.19764,0
1007034028082,14.689,0.058,94.26192,-7.79935,55599.20394,0
1007034028082,14.688,0.058,94.26196,-7.79933,55599.21019,0
1007034028082,14.090,0.055,94.26180,-7.79945,55889.40125,0
1007034028082,14.740,0.058,94.26190,-7.79936,55889.40906,0
1007034028082,14.746,0.058,94.26190,-7.79936,55889.41701,0
1007034028082,14.743,0.058,94.26188,-7.79939,55889.42493,0
1007034028082,14.735,0.058,94.26190,-7.79935,55922.27177,0
1007034028082,14.724,0.058,94.26189,-7.79937,55922.27788,0
1007034028082,14.720,0.058,94.26187,-7.79934,55922.28409,0
1007034028082,14.708,0.058,94.26188,-7.79938,55922.29031,0
1007034028082,14.707,0.058,94.26185,-7.79937,55979.15790,0
1007034028082,13.442,0.053,94.26176,-7.79933,55979.16465,0
1007034028082,14.707,0.058,94.26191,-7.79938,55979.17136,0
1007034028082,14.707,0.058,94.26187,-7.79933,55979.17810,0
1007034028082,14.698,0.058,94.26192,-7.79937,56008.11160,0
1007034028082,14.695,0.058,94.26187,-7.79934,56008.12979,0
1007034028082,14.715,0.058,94.26189,-7.79936,56008.13888,0
1007034028096,18.978,0.207,94.29148,-7.78794,54830.27443,0
1007034028096,19.175,0.228,94.29158,-7.78820,54830.27983,0
1007034028096,19.336,0.247,94.29236,-7.78575,54830.27983,1
1007034028096,19.253,0.237,94.29184,-7.78788,54830.28523,0
1007034028096,19.056,0.215,94.29146,-7.78764,54830.29053,0
1007034028096,18.900,0.199,94.29150,-7.78771,54830.29593,0
1007034028096,20.152,0.424,94.29132,-7.78775,54527.22838,0
1007034028096,19.013,0.239,94.29156,-7.78801,54527.23557,0
1007034028096,19.599,0.320,94.29155,-7.78781,54794.44231,0
1007034028096,20.189,0.481,94.29129,-7.78762,54794.44623,0
1007034028096,19.427,0.312,94.29145,-7.78790,54794.45407,0
1007034028096,18.836,0.220,94.29129,-7.78803,54794.45801,0
1007034028096,19.067,0.197,94.29145,-7.78787,55157.43709,0
1007034028096,18.836,0.177,94.29144,-7.78769,55157.44256,0
1007034028096,18.985,0.190,94.29148,-7.78797,55157.44802,0
1007034028096,19.588,0.265,94.29140,-7.78785,55157.45356,0
1007034028096,19.034,0.194,94.29156,-7.78785,55157.45913,0
1007034028096,18.983,0.197,94.29139,-7.78786,55517.32235,0
1007034028096,19.047,0.203,94.29174,-7.78793,55517.33275,0
1007034028096,19.407,0.238,94.29159,-7.78780,55599.19135,0
1007034028096,18.899,0.186,94.29149,-7.78787,55599.19764,0
1007034028096,18.814,0.178,94.29149,-7.78791,55599.20394,0
1007034028096,19.084,0.203,94.29156,-7.78781,55599.21019,0
1007034028096,18.769,0.171,94.29119,-7.78766,55889.40125,0
1007034028096,18.683,0.164,94.29164,-7.78797,55889.40906,0
1007034028096,18.876,0.180,94.29149,-7.78774,55889.41701,0
1007034028096,18.969,0.188,94.29123,-7.78808,55889.42493,0
1007034028096,18.718,0.168,94.29141,-7.78784,55922.27177,0
1007034028096,19.328,0.226,94.29129,-7.78788,55922.27788,0
1007034028096,19.044,0.197,94.29132,-7.78792,55922.28409,0
1007034028096,19.198,0.211,94.29130,-7.78785,55922.29031,0
1007034028096,19.219,0.217,94.29144,-7.78774,55979.15790,0
1007034028096,18.952,0.191,94.29138,-7.78766,55979.16465,0
1007034028096,19.078,0.203,94.29137,-7.78788,55979.17136,0
1007034028096,18.949,0.191,94.29153,-7.78790,55979.17810,0
1007034028096,18.960,0.191,94.29154,-7.78789,56008.11160,0
1007034028096,18.938,0.189,94.29133,-7.78781,56008.12073,0
1007034028096,19.145,0.209,94.29122,-7.78802,56008.12979,0
1007034028096,19.226,0.217,94.29140,-7.78776,56008.13888,0
1007034028117,20.589,0.493,94.26597,-7.78292,54830.28523,0
1007034028117,20.384,0.395,94.26606,-7.78338,55157.44802,0
1007034028117,20.772,0.496,94.26614,-7.78311,55922.29031,0
1007034028117,19.951,0.318,94.26592,-7.78348,55979.15790,0
1007034028117,19.896,0.308,94.26617,-7.78305,56008.12073,0
1007034028117,20.147,0.353,94.26614,-7.78344,56008.13888,0
1007034028229,19.256,0.238,94.33990,-7.78414,54830.27443,0
1007034028229,19.266,0.238,94.34004,-7.78410,54830.27983,0
1007034028229,19.653,0.292,94.33993,-7.78421,54830.28523,0
1007034028229,19.176,0.229,94.33974,-7.78375,54830.29053,0
1007034028229,19.449,0.263,94.33978,-7.78397,54830.29593,0
1007034028229,18.882,0.235,94.33988,-7.78427,54794.44623,0
1007034028229,18.999,0.249,94.34021,-7.78428,54794.45407,0
1007034028229,19.438,0.237,94.33978,-7.78397,55157.44802,0
1007034028229,19.670,0.277,94.33984,-7.78411,55157.45356,0
1007034028229,19.280,0.223,94.34006,-7.78420,55599.19135,0
1007034028229,19.535,0.256,94.33980,-7.78398,55599.19764,0
1007034028229,19.625,0.267,94.33995,-7.78404,55599.21019,0
1007034028229,19.300,0.221,94.33980,-7.78404,55889.40125,0
1007034028229,19.562,0.252,94.33994,-7.78400,55889.41701,0
1007034028229,19.256,0.216,94.33989,-7.78422,55889.42493,0
1007034028229,18.680,0.165,94.33955,-7.78410,55922.27177,0
1007034028229,19.303,0.223,94.33961,-7.78369,55922.28409,0
1007034028229,19.487,0.249,94.33957,-7.78412,55979.15790,0
1007034028229,19.329,0.230,94.33976,-7.78383,55979.17136,0
1007034028229,19.558,0.259,94.33997,-7.78396,55979.17810,0
1007034028229,19.003,0.195,94.33956,-7.78417,56008.12073,0
1007034028229,19.707,0.279,94.33983,-7.78386,56008.12979,0
1007034028229,19.564,0.258,94.33996,-7.78420,56008.13888,0
1007034028233,20.625,0.504,94.33873,-7.78094,54830.27443,0
1007034028233,19.906,0.335,94.33859,-7.78071,54830.28523,0
1007034028233,20.521,0.475,94.33872,-7.78033,54830.29593,0
1007034028233,19.881,0.300,94.33872,-7.78054,55157.44802,0
1007034028233,19.932,0.308,94.33890,-7.78034,55157.45913,0
1007034028233,19.995,0.317,94.33892,-7.78079,55889.42493,0
1007034028233,20.460,0.424,94.33882,-7.78025,55979.17136,0
1007034028252,19.087,0.218,94.28568,-7.78310,54830.27443,0
1007034028252,19.369,0.251,94.28538,-7.78330,54830.27983,0
1007034028252,19.138,0.224,94.28551,-7.78335,54830.28523,0
1007034028252,19.313,0.245,94.28539,-7.78312,54830.29053,0
1007034028252,19.426,0.260,94.28537,-7.78339,54830.29593,0
1007034028252,19.753,0.351,94.28556,-7.78307,54527.21398,0
1007034028252,19.272,0.268,94.28545,-7.78318,54794.44231,0
1007034028252,19.339,0.285,94.28548,-7.78316,54794.45801,0
1007034028252,19.556,0.252,94.28560,-7.78349,55157.43709,0
1007034028252,19.237,0.214,94.28541,-7.78341,55157.44256,0
1007034028252,19.136,0.204,94.28568,-7.78338,55157.44802,0
1007034028252,19.097,0.207,94.28537,-7.78329,55157.45356,0
1007034028252,19.350,0.227,94.28528,-7.78357,55157.45913,0
1007034028252,19.654,0.276,94.28551,-7.78326,55517.33275,0
1007034028252,19.530,0.254,94.28554,-7.78315,55599.19135,0
1007034028252,19.004,0.196,94.28541,-7.78336,55599.19764,0
1007034028252,19.345,0.230,94.28538,-7.78332,55599.20394,0
1007034028252,19.247,0.220,94.28577,-7.78327,55599.21019,0
1007034028252,19.213,0.212,94.28570,-7.78314,55889.40125,0
1007034028252,19.221,0.212,94.28563,-7.78314,55889.40906,0
1007034028252,19.243,0.214,94.28551,-7.78313,55889.41701,0
1007034028252,19.811,0.287,94.28529,-7.78317,55889.42493,0
1007034028252,19.307,0.223,94.28535,-7.78332,55922.27177,0
1007034028252,19.107,0.202,94.28553,-7.78296,55922.27788,0
1007034028252,19.089,0.201,94.28557,-7.78313,55922.28409,0
1007034028252,19.419,0.240,94.28515,-7.78340,55979.15790,0
1007034028252,19.363,0.234,94.28541,-7.78346,55979.16465,0
1007034028252,19.321,0.229,94.28546,-7.78317,55979.17136,0
1007034028252,19.156,0.211,94.28545,-7.78329,55979.17810,0
1007034028252,18.974,0.192,94.28527,-7.78307,56008.11160,0
1007034028252,19.838,0.298,94.28499,-7.78316,56008.12073,0
1007034028252,19.015,0.196,94.28524,-7.78341,56008.13888,0
1007034028306,18.679,0.179,94.32541,-7.78269,54830.27443,0
1007034028306,18.686,0.179,94.32521,-7.78268,54830.27983,0
1007034028306,18.889,0.198,94.32526,-7.78255,54830.28523,0
1007034028306,18.813,0.191,94.32518,-7.78258,54830.29053,0
1007034028306,18.740,0.185,94.32529,-7.78243,54830.29593,0
1007034028306,18.754,0.208,94.32530,-7.78255,54527.21398,0
1007034028306,18.236,0.164,94.32547,-7.78221,54527.22118,0
1007034028306,19.695,0.328,94.32480,-7.78236,54527.22838,0
1007034028306,18.702,0.205,94.32522,-7.78275,54527.23557,0
1007034028306,18.896,0.221,94.32511,-7.78254,54794.44231,0
1007034028306,18.825,0.229,94.32535,-7.78265,54794.44623,0
1007034028306,18.763,0.223,94.32503,-7.78274,54794.45014,0
1007034028306,18.902,0.237,94.32511,-7.78259,54794.45407,0
1007034028306,19.343,0.286,94.32531,-7.78273,54794.45801,0
1007034028306,18.641,0.162,94.32528,-7.78267,55157.43709,0
1007034028306,18.635,0.161,94.32526,-7.78274,55157.44256,0
1007034028306,18.769,0.172,94.32512,-7.78261,55157.44802,0
1007034028306,18.944,0.192,94.32530,-7.78264,55157.45356,0
1007034028306,18.578,0.157,94.32545,-7.78280,55157.45913,0
1007034028306,18.759,0.177,94.32548,-7.78286,55517.33275,0
1007034028306,18.895,0.188,94.32516,-7.78258,55517.33797,0
1007034028306,18.640,0.165,94.32538,-7.78251,55599.19135,0
1007034028306,18.811,0.179,94.32537,-7.78255,55599.19764,0
1007034028306,18.567,0.159,94.32534,-7.78249,55599.20394,0
1007034028306,18.867,0.183,94.32539,-7.78254,55599.21019,0
1007034028306,18.618,0.160,94.32535,-7.78281,55889.40125,0
1007034028306,18.630,0.160,94.32517,-7.78276,55889.40906,0
1007034028306,18.732,0.168,94.32519,-7.78268,55889.41701,0
1007034028306,18.832,0.176,94.32511,-7.78279,55889.42493,0
1007034028306,18.790,0.174,94.32529,-7.78244,55922.27177,0
1007034028306,18.804,0.175,94.32538,-7.78258,55922.27788,0
1007034028306,18.807,0.176,94.32515,-7.78276,55922.28409,0
1007034028306,18.354,0.143,94.32520,-7.78258,55922.29031,0
1007034028306,18.119,0.132,94.32619,-7.78177,55979.15790,0
1007034028306,18.650,0.166,94.32519,-7.78264,55979.16465,0
1007034028306,18.515,0.156,94.32515,-7.78260,55979.17136,0
1007034028306,18.543,0.159,94.32521,-7.78277,55979.17810,0
1007034028306,19.127,0.207,94.32514,-7.78273,56008.11160,0
1007034028306,18.735,0.172,94.32515,-7.78254,56008.12073,0
1007034028306,18.678,0.168,94.32538,-7.78266,56008.12979,0
1007034028306,18.484,0.153,94.32522,-7.78269,56008.13888,0
1007034028346,18.643,0.176,94.29050,-7.78322,54830.27443,0
1007034028346,18.553,0.169,94.29051,-7.78321,54830.27983,0
1007034028346,18.387,0.157,94.29065,-7.78310,54830.28523,0
1007034028346,18.627,0.175,94.29078,-7.78304,54830.29053,0
1007034028346,18.511,0.166,94.29050,-7.78314,54830.29593,0
1007034028346,19.014,0.238,94.29038,-7.78262,54527.22118,0
1007034028346,19.363,0.275,94.29027,-7.78291,54527.22838,0
1007034028346,18.431,0.180,94.29032,-7.78302,54527.23557,0
1007034028346,19.219,0.261,94.29057,-7.78312,54794.44231,0
1007034028346,18.588,0.203,94.29033,-7.78325,54794.44623,0
1007034028346,18.007,0.156,94.29059,-7.78306,54794.45014,0
1007034028346,18.463,0.191,94.29056,-7.78315,54794.45407,0
1007034028346,18.567,0.193,94.29067,-7.78326,54794.45801,0
1007034028346,18.750,0.170,94.29041,-7.78315,55157.43709,0
1007034028346,18.614,0.160,94.29047,-7.78313,55157.44256,0
1007034028346,18.468,0.150,94.29039,-7.78297,55157.44802,0
1007034028346,18.770,0.177,94.29056,-7.78294,55157.45356,0
1007034028346,18.668,0.164,94.29066,-7.78307,55157.45913,0
1007034028346,18.426,0.152,94.29060,-7.78327,55517.32235,0
1007034028346,18.553,0.161,94.29059,-7.78312,55517.33275,0
1007034028346,18.715,0.173,94.29044,-7.78309,55517.33797,0
1007034028346,18.803,0.177,94.29039,-7.78307,55599.19135,0
1007034028346,18.528,0.157,94.29057,-7.78311,55599.19764,0
1007034028346,18.570,0.159,94.29034,-7.78303,55599.20394,0
1007034028346,18.705,0.170,94.29039,-7.78316,55599.21019,0
1007034028346,18.836,0.177,94.29053,-7.78308,55889.40125,0
1007034028346,18.699,0.165,94.29049,-7.78281,55889.40906,0
1007034028346,18.382,0.144,94.29049,-7.78332,55889.41701,0
1007034028346,18.806,0.174,94.29028,-7.78306,55889.42493,0
1007034028346,18.749,0.171,94.29042,-7.78315,55922.27177,0
1007034028346,18.459,0.150,94.29032,-7.78314,55922.27788,0
1007034028346,18.590,0.159,94.29042,-7.78303,55922.28409,0
1007034028346,18.657,0.164,94.29036,-7.78307,55922.29031,0
1007034028346,18.107,0.131,94.29075,-7.78320,55979.15790,0
1007034028346,18.263,0.140,94.29083,-7.78302,55979.16465,0
1007034028346,18.647,0.166,94.29035,-7.78306,55979.17136,0
1007034028346,18.738,0.173,94.29039,-7.78296,55979.17810,0
1007034028346,18.467,0.152,94.29038,-7.78300,56008.11160,0
1007034028346,18.250,0.139,94.29052,-7.78306,56008.12073,0
1007034028346,18.589,0.161,94.29028,-7.78324,56008.12979,0
1007034028346,18.655,0.166,94.29035,-7.78311,56008.13888,0
1007034028385,18.826,0.192,94.32721,-7.78060,54830.27443,0
1007034028385,18.788,0.188,94.32742,-7.78049,54830.27983,0
1007034028385,18.859,0.195,94.32766,-7.78052,54830.28523,0
1007034028385,19.088,0.219,94.32770,-7.78069,54830.29053,0
1007034028385,19.246,0.237,94.32731,-7.78062,54830.29593,0
1007034028385,19.417,0.296,94.32703,-7.78047,54527.23557,0
1007034028385,19.108,0.247,94.32750,-7.78057,54794.44231,0
1007034028385,20.023,0.437,94.32713,-7.78059,54794.44623,0
1007034028385,19.223,0.283,94.32719,-7.78075,54794.45014,0
1007034028385,18.861,0.232,94.32739,-7.78052,54794.45407,0
1007034028385,19.301,0.279,94.32741,-7.78058,54794.45801,0
1007034028385,18.901,0.182,94.32723,-7.78061,55157.43709,0
1007034028385,18.957,0.187,94.32747,-7.78054,55157.44256,0
1007034028385,18.998,0.191,94.32730,-7.78049,55157.44802,0
1007034028385,18.971,0.195,94.32753,-7.78079,55157.45356,0
1007034028385,18.871,0.180,94.32742,-7.78061,55157.45913,0
1007034028385,19.133,0.212,94.32773,-7.78078,55517.32235,0
1007034028385,18.773,0.178,94.32760,-7.78078,55517.33275,0
1007034028385,19.056,0.203,94.32743,-7.78045,55517.33797,0
1007034028385,18.927,0.188,94.32737,-7.78069,55599.19135,0
1007034028385,19.379,0.236,94.32734,-7.78048,55599.19764,0
1007034028385,19.106,0.204,94.32761,-7.78047,55599.20394,0
1007034028385,18.856,0.182,94.32731,-7.78059,55599.21019,0
1007034028385,18.881,0.181,94.32728,-7.78074,55889.40125,0
1007034028385,19.051,0.195,94.32755,-7.78093,55889.40906,0
1007034028385,18.938,0.185,94.32726,-7.78094,55889.41701,0
1007034028385,18.879,0.180,94.32734,-7.78073,55889.42493,0
1007034028385,18.976,0.190,94.32741,-7.78066,55922.27177,0
1007034028385,18.968,0.189,94.32719,-7.78067,55922.27788,0
1007034028385,18.989,0.191,94.32732,-7.78063,55922.28409,0
1007034028385,19.532,0.250,94.32747,-7.78069,55922.29031,0
1007034028385,19.219,0.217,94.32751,-7.78051,55979.16465,0
1007034028385,18.999,0.195,94.32726,-7.78066,55979.17136,0
1007034028385,19.144,0.210,94.32734,-7.78084,55979.17810,0
1007034028385,18.604,0.162,94.32734,-7.78060,56008.11160,0
1007034028385,18.924,0.188,94.32726,-7.78076,56008.12073,0
1007034028385,19.004,0.195,94.32720,-7.78058,56008.12979,0
1007034028385,18.929,0.188,94.32727,-7.78101,56008.13888,0
1007034028443,19.935,0.341,94.28612,-7.77719,54830.27443,0
1007034028443,19.223,0.233,94.28588,-7.77724,54830.27983,0
1007034028443,19.305,0.243,94.28631,-7.77722,54830.28523,0
1007034028443,19.272,0.240,94.28618,-7.77725,54830.29053,0
1007034028443,19.045,0.214,94.28643,-7.77699,54830.29593,0
1007034028443,18.998,0.249,94.28635,-7.77724,54794.45407,0
1007034028443,19.374,0.229,94.28637,-7.77743,55157.43709,0
1007034028443,19.524,0.248,94.28611,-7.77720,55157.44256,0
1007034028443,19.695,0.271,94.28626,-7.77719,55157.44802,0
1007034028443,20.148,0.346,94.28615,-7.77718,55157.45913,0
1007034028443,19.643,0.275,94.28653,-7.77716,55517.33275,0
1007034028443,19.222,0.221,94.28581,-7.77710,55517.33797,0
1007034028443,19.238,0.219,94.28642,-7.77708,55599.19135,0
1007034028443,18.826,0.180,94.28629,-7.77721,55599.19764,0
1007034028443,19.550,0.256,94.28615,-7.77703,55599.20394,0
1007034028443,19.430,0.241,94.28638,-7.77726,55599.21019,0
1007034028443,19.217,0.212,94.28621,-7.77720,55889.40125,0
1007034028443,19.600,0.257,94.28622,-7.77745,55889.40906,0
1007034028443,19.007,0.191,94.28616,-7.77729,55889.41701,0
1007034028443,20.186,0.352,94.28602,-7.77730,55889.42493,0
1007034028443,19.653,0.267,94.28600,-7.77704,55922.27177,0
1007034028443,19.437,0.239,94.28590,-7.77711,55922.27788,0
1007034028443,19.934,0.310,94.28621,-7.77735,55922.28409,0
1007034028443,19.010,0.193,94.28617,-7.77735,55922.29031,0
1007034028443,19.523,0.253,94.28635,-7.77714,55979.15790,0
1007034028443,19.329,0.230,94.28630,-7.77723,55979.16465,0
1007034028443,19.188,0.215,94.28619,-7.77746,55979.17810,0
1007034028443,19.116,0.206,94.28621,-7.77748,56008.11160,0
1007034028443,19.881,0.305,94.28619,-7.77722,56008.12073,0
1007034028443,19.404,0.238,94.28629,-7.77715,56008.12979,0
1007034028443,19.153,0.210,94.28633,-7.77723,56008.13888,0
1007034028519,15.759,0.069,94.33558,-7.78439,54830.27443,0
1007034028519,15.766,0.069,94.33556,-7.78435,54830.27983,0
1007034028519,15.742,0.069,94.33560,-7.78437,54830.28523,0
1007034028519,15.743,0.069,94.33558,-7.78435,54830.29053,0
1007034028519,15.757,0.069,94.33557,-7.78435,54830.29593,0
1007034028519,15.752,0.072,94.33560,-7.78434,54527.21398,0
1007034028519,15.735,0.072,94.33565,-7.78431,54527.22118,0
1007034028519,15.773,0.071,94.33563,-7.78433,54527.22838,0
1007034028519,15.709,0.072,94.33559,-7.78432,54527.23557,0
1007034028519,15.735,0.072,94.33558,-7.78437,54794.44231,0
1007034028519,15.682,0.073,94.33563,-7.78438,54794.44623,0
1007034028519,15.643,0.072,94.33567,-7.78431,54794.45014,0
1007034028519,15.700,0.073,94.33557,-7.78437,54794.45407,0
1007034028519,15.745,0.072,94.33556,-7.78441,54794.45801,0
1007034028519,15.726,0.066,94.33555,-7.78439,55157.43709,0
1007034028519,15.775,0.067,94.33560,-7.78439,55157.44256,0
1007034028519,15.773,0.067,94.33559,-7.78437,55157.44802,0
1007034028519,15.784,0.068,94.33558,-7.78438,55157.45356,0
1007034028519,15.763,0.067,94.33566,-7.78438,55157.45913,0
1007034028519,15.767,0.068,94.33558,-7.78439,55517.32235,0
1007034028519,15.710,0.067,94.33561,-7.78435,55517.33275,0
1007034028519,15.728,0.067,94.33559,-7.78438,55517.33797,0
1007034028519,15.759,0.067,94.33563,-7.78438,55599.19135,0
1007034028519,15.750,0.067,94.33559,-7.78439,55599.19764,0
1007034028519,15.740,0.067,94.33563,-7.78435,55599.20394,0
1007034028519,15.756,0.067,94.33560,-7.78437,55599.21019,0
1007034028519,15.770,0.067,94.33555,-7.78441,55889.40125,0
1007034028519,15.742,0.066,94.33571,-7.78438,55889.40906,0
1007034028519,15.775,0.067,94.33558,-7.78435,55889.41701,0
1007034028519,15.800,0.067,94.33555,-7.78437,55889.42493,0
1007034028519,15.796,0.067,94.33557,-7.78436,55922.27177,0
1007034028519,15.786,0.067,94.33557,-7.78438,55922.27788,0
1007034028519,15.784,0.067,94.33554,-7.78437,55922.28409,0
1007034028519,15.741,0.067,94.33565,-7.78438,55922.29031,0
1007034028519,15.770,0.067,94.33551,-7.78439,55979.15790,0
1007034028519,15.722,0.067,94.33562,-7.78438,55979.16465,0
1007034028519,15.751,0.067,94.33554,-7.78438,55979.17136,0
1007034028519,15.768,0.067,94.33553,-7.78434,55979.17810,0
1007034028519,15.759,0.067,94.33556,-7.78440,56008.11160,0
1007034028519,15.735,0.067,94.33554,-7.78436,56008.12073,0
1007034028519,15.786,0.067,94.33550,-7.78435,56008.12979,0
1007034028519,15.731,0.067,94.33557,-7.78439,56008.13888,0
1007034028554,18.964,0.205,94.34013,-7.77653,54830.27443,0
1007034028554,18.877,0.197,94.33999,-7.77649,54830.27983,0
1007034028554,18.923,0.201,94.33995,-7.77679,54830.28523,0
1007034028554,19.080,0.218,94.34033,-7.77654,54830.29053,0
1007034028554,19.405,0.257,94.34013,-7.77680,54830.29593,0
1007034028554,18.869,0.213,94.34002,-7.77656,54527.22838,0
1007034028554,18.936,0.230,94.34033,-7.77662,54527.23557,0
1007034028554,18.846,0.216,94.34028,-7.77659,54794.44231,0
1007034028554,18.752,0.220,94.34008,-7.77656,54794.44623,0
1007034028554,19.127,0.269,94.33995,-7.77673,54794.45014,0
1007034028554,19.003,0.249,94.34020,-7.77664,54794.45407,0
1007034028554,18.928,0.230,94.33998,-7.77686,54794.45801,0
1007034028554,18.890,0.181,94.34019,-7.77669,55157.43709,0
1007034028554,19.147,0.205,94.34028,-7.77650,55157.44256,0
1007034028554,18.768,0.172,94.34040,-7.77664,55157.44802,0
1007034028554,19.080,0.205,94.34016,-7.77662,55157.45356,0
1007034028554,19.185,0.209,94.34014,-7.77658,55157.45913,0
1007034028554,19.569,0.265,94.34012,-7.77617,55517.32235,0
1007034028554,19.912,0.317,94.34037,-7.77651,55517.33275,0
1007034028554,19.192,0.217,94.34041,-7.77638,55517.33797,0
1007034028554,19.273,0.223,94.34018,-7.77658,55599.19135,0
1007034028554,18.758,0.174,94.34013,-7.77662,55599.19764,0
1007034028554,19.032,0.197,94.34015,-7.77654,55599.20394,0
1007034028554,18.788,0.176,94.34006,-7.77657,55599.21019,0
1007034028554,19.103,0.201,94.34003,-7.77681,55889.40125,0
1007034028554,19.126,0.202,94.34021,-7.77661,55889.40906,0
1007034028554,18.734,0.168,94.33994,-7.77653,55889.41701,0
1007034028554,19.043,0.195,94.34017,-7.77687,55889.42493,0
1007034028554,19.084,0.200,94.34016,-7.77668,55922.27177,0
1007034028554,18.980,0.190,94.34021,-7.77668,55922.27788,0
1007034028554,18.723,0.169,94.34027,-7.77656,55922.28409,0
1007034028554,18.780,0.173,94.34018,-7.77653,55922.29031,0
1007034028554,18.798,0.177,94.34020,-7.77663,55979.15790,0
1007034028554,19.246,0.220,94.34004,-7.77668,55979.16465,0
1007034028554,19.074,0.203,94.34006,-7.77669,55979.17136,0
1007034028554,19.153,0.211,94.34003,-7.77672,55979.17810,0
1007034028554,19.495,0.249,94.34012,-7.77672,56008.11160,0
1007034028554,19.111,0.205,94.33997,-7.77648,56008.12073,0
1007034028554,19.551,0.257,94.34016,-7.77655,56008.12979,0
1007034028554,18.573,0.160,94.33992,-7.77650,56008.13888,0
1007034028595,19.733,0.305,94.25711,-7.77575,54830.27443,0
1007034028595,19.291,0.242,94.25720,-7.77569,54830.27983,0
1007034028595,20.262,0.409,94.25708,-7.77585,54830.28523,0
1007034028595,19.553,0.251,94.25726,-7.77602,55157.43709,0
1007034028595,19.972,0.314,94.25685,-7.77622,55157.44256,0
1007034028595,19.904,0.303,94.25719,-7.77583,55157.44802,0
1007034028595,19.845,0.304,94.25770,-7.77591,55157.45356,0
1007034028595,19.454,0.239,94.25719,-7.77592,55157.45913,0
1007034028595,19.957,0.324,94.25696,-7.77609,55517.33797,0
1007034028595,19.769,0.288,94.25713,-7.77606,55599.19135,0
1007034028595,19.127,0.208,94.25689,-7.77604,55599.19764,0
1007034028595,20.302,0.384,94.25733,-7.77599,55599.20394,0
1007034028595,19.591,0.262,94.25771,-7.77589,55599.21019,0
1007034028595,20.017,0.322,94.25709,-7.77627,55889.40125,0
1007034028595,19.803,0.286,94.25713,-7.77603,55889.41701,0
1007034028595,19.838,0.294,94.25707,-7.77602,55922.27788,0
1007034028595,19.452,0.240,94.25716,-7.77589,55922.29031,0
1007034028595,19.329,0.230,94.25725,-7.77589,55979.17136,0
1007034028595,19.193,0.215,94.25688,-7.77590,55979.17810,0
1007034028595,20.554,0.445,94.25732,-7.77537,56008.12979,0
1007034028595,19.316,0.227,94.25725,-7.77606,56008.13888,0
1007034028670,19.903,0.335,94.26400,-7.77301,54830.27443,0
1007034028670,19.931,0.340,94.26392,-7.77279,54830.27983,0
1007034028670,19.688,0.298,94.26397,-7.77312,54830.28523,0
1007034028670,19.857,0.327,94.26368,-7.77296,54830.29053,0
1007034028670,18.567,0.202,94.26346,-7.77259,54794.45014,0
1007034028670,19.684,0.359,94.26365,-7.77300,54794.45407,0
1007034028670,20.054,0.423,94.26356,-7.77289,54794.45801,0
1007034028670,19.391,0.231,94.26396,-7.77307,55157.43709,0
1007034028670,19.883,0.299,94.26382,-7.77278,55157.44256,0
1007034028670,20.206,0.358,94.26370,-7.77287,55157.44802,0
1007034028670,19.817,0.300,94.26404,-7.77308,55157.45356,0
1007034028670,19.653,0.265,94.26374,-7.77275,55157.45913,0
1007034028670,19.726,0.281,94.26375,-7.77262,55599.19135,0
1007034028670,19.270,0.223,94.26384,-7.77238,55599.19764,0
1007034028670,19.241,0.218,94.26401,-7.77284,55599.20394,0
1007034028670,19.399,0.237,94.26382,-7.77292,55599.21019,0
1007034028670,20.004,0.320,94.26402,-7.77281,55889.40125,0
1007034028670,19.541,0.249,94.26367,-7.77279,55889.41701,0
1007034028670,20.072,0.334,94.26382,-7.77299,55922.27177,0
1007034028670,20.749,0.490,94.26362,-7.77281,55922.27788,0
1007034028670,19.816,0.291,94.26314,-7.77308,55922.28409,0
1007034028670,19.923,0.308,94.26363,-7.77269,55922.29031,0
1007034028670,20.267,0.379,94.26363,-7.77293,55979.15790,0
1007034028670,19.331,0.230,94.26356,-7.77284,55979.17136,0
1007034028670,19.671,0.275,94.26354,-7.77284,55979.17810,0
1007034028670,19.634,0.268,94.26361,-7.77293,56008.11160,0
1007034028670,19.718,0.280,94.26369,-7.77314,56008.12073,0
1007034028670,19.899,0.308,94.26378,-7.77288,56008.13888,0
1007034028794,18.799,0.190,94.30730,-7.77341,54830.27443,0
1007034028794,18.863,0.195,94.30728,-7.77353,54830.27983,0
1007034028794,19.012,0.210,94.30734,-7.77351,54830.28523,0
1007034028794,18.932,0.202,94.30718,-7.77340,54830.29053,0
1007034028794,18.813,0.191,94.30724,-7.77352,54830.29593,0
1007034028794,19.077,0.245,94.30777,-7.77327,54527.21398,0
1007034028794,18.036,0.145,94.30663,-7.77366,54527.22838,0
1007034028794,18.573,0.192,94.30699,-7.77352,54527.23557,0
1007034028794,18.724,0.203,94.30778,-7.77345,54794.44231,0
1007034028794,19.490,0.324,94.30742,-7.77365,54794.44623,0
1007034028794,19.458,0.321,94.30764,-7.77332,54794.45014,0
1007034028794,19.043,0.255,94.30722,-7.77390,54794.45407,0
1007034028794,18.945,0.232,94.30742,-7.77355,54794.45801,0
1007034028794,18.816,0.175,94.30724,-7.77343,55157.43709,0
1007034028794,18.599,0.159,94.30701,-7.77334,55157.44256,0
1007034028794,18.876,0.180,94.30719,-7.77327,55157.44802,0
1007034028794,18.944,0.192,94.30717,-7.77336,55157.45356,0
1007034028794,18.589,0.158,94.30771,-7.77391,55157.45913,0
1007034028794,19.195,0.218,94.30714,-7.77382,55517.33275,0
1007034028794,19.218,0.220,94.30717,-7.77330,55517.33797,0
1007034028794,19.108,0.205,94.30715,-7.77349,55599.19135,0
1007034028794,19.062,0.201,94.30732,-7.77309,55599.19764,0
1007034028794,18.833,0.179,94.30749,-7.77325,55599.20394,0
1007034028794,18.907,0.186,94.30716,-7.77352,55599.21019,0
1007034028794,19.099,0.200,94.30715,-7.77360,55889.40125,0
1007034028794,18.812,0.174,94.30727,-7.77378,55889.40906,0
1007034028794,18.887,0.181,94.30737,-7.77351,55889.41701,0
1007034028794,18.745,0.169,94.30682,-7.77379,55889.42493,0
1007034028794,18.890,0.182,94.30743,-7.77351,55922.27177,0
1007034028794,18.788,0.174,94.30716,-7.77343,55922.27788,0
1007034028794,19.195,0.212,94.30742,-7.77348,55922.28409,0
1007034028794,18.512,0.154,94.30722,-7.77327,55922.29031,0
1007034028794,18.765,0.175,94.30724,-7.77352,55979.15790,0
1007034028794,18.947,0.190,94.30727,-7.77349,55979.16465,0
1007034028794,19.025,0.198,94.30724,-7.77354,55979.17136,0
1007034028794,18.219,0.138,94.30716,-7.77383,55979.17810,0
1007034028794,18.909,0.186,94.30732,-7.77332,56008.11160,0
1007034028794,18.809,0.178,94.30735,-7.77349,56008.12073,0
1007034028794,18.916,0.187,94.30725,-7.77341,56008.12979,0
1007034028794,19.010,0.196,94.30733,-7.77342,56008.13888,0
1007034028821,19.240,0.236,94.31590,-7.77068,54830.27443,0
1007034028821,19.351,0.249,94.31651,-7.77074,54830.28523,0
1007034028821,19.186,0.230,94.31605,-7.77057,54830.29053,0
1007034028821,19.474,0.266,94.31617,-7.77053,54830.29593,0
1007034028821,18.603,0.187,94.31625,-7.77110,54527.22838,0
1007034028821,19.436,0.293,94.31630,-7.77073,54794.44231,0
1007034028821,19.198,0.277,94.31636,-7.77062,54794.44623,0
1007034028821,19.677,0.268,94.31637,-7.77072,55157.43709,0
1007034028821,18.701,0.166,94.31594,-7.77064,55157.44256,0
1007034028821,19.947,0.311,94.31642,-7.77032,55157.44802,0
1007034028821,16.875,0.087,94.31518,-7.77248,55157.45356,0
1007034028821,19.350,0.227,94.31610,-7.77081,55157.45913,0
1007034028821,19.422,0.244,94.31609,-7.77076,55517.33797,0
1007034028821,19.778,0.289,94.31614,-7.77049,55599.19135,0
1007034028821,19.576,0.261,94.31608,-7.77071,55599.19764,0
1007034028821,19.424,0.240,94.31651,-7.77047,55599.20394,0
1007034028821,18.902,0.186,94.31627,-7.77048,55599.21019,0
1007034028821,19.098,0.200,94.31579,-7.77084,55889.40125,0
1007034028821,19.825,0.289,94.31601,-7.77075,55889.40906,0
1007034028821,19.185,0.208,94.31632,-7.77088,55889.42493,0
1007034028821,19.311,0.224,94.31565,-7.77069,55922.27788,0
1007034028821,19.799,0.289,94.31619,-7.77090,55922.28409,0
1007034028821,19.357,0.229,94.31641,-7.77080,55922.29031,0
1007034028821,18.667,0.167,94.31638,-7.77066,55979.17136,0
1007034028821,19.086,0.204,94.31576,-7.77053,55979.17810,0
1007034028821,19.186,0.213,94.31631,-7.77057,56008.12073,0
1007034028821,19.320,0.228,94.31611,-7.77080,56008.12979,0
1007034028821,19.191,0.214,94.31590,-7.77094,56008.13888,0
1007034028868,17.512,0.110,94.32035,-7.77349,54830.27443,0
1007034028868,17.476,0.109,94.32039,-7.77355,54830.27983,0
1007034028868,17.544,0.112,94.32040,-7.77356,54830.28523,0
1007034028868,17.505,0.110,94.32036,-7.77358,54830.29053,0
1007034028868,17.561,0.113,94.32043,-7.77356,54830.29593,0
1007034028868,17.583,0.124,94.32028,-7.77358,54527.21398,0
1007034028868,17.561,0.123,94.32032,-7.77344,54527.22118,0
1007034028868,17.584,0.121,94.32050,-7.77347,54527.22838,0
1007034028868,17.559,0.124,94.32027,-7.77355,54527.23557,0
1007034028868,17.527,0.120,94.32041,-7.77364,54794.44231,0
1007034028868,17.517,0.126,94.32034,-7.77363,54794.44623,0
1007034028868,17.308,0.117,94.32029,-7.77363,54794.45014,0
1007034028868,17.596,0.130,94.32030,-7.77345,54794.45407,0
1007034028868,17.355,0.115,94.32031,-7.77359,54794.45801,0
1007034028868,17.487,0.103,94.32038,-7.77361,55157.43709,0
1007034028868,17.484,0.103,94.32038,-7.77353,55157.44256,0
1007034028868,17.459,0.102,94.32039,-7.77358,55157.44802,0
1007034028868,17.523,0.106,94.32037,-7.77374,55157.45356,0
1007034028868,17.491,0.103,94.32032,-7.77358,55157.45913,0
1007034028868,17.495,0.106,94.32028,-7.77362,55517.32235,0
1007034028868,17.467,0.105,94.32042,-7.77366,55517.33275,0
1007034028868,17.453,0.104,94.32040,-7.77359,55517.33797,0
1007034028868,17.445,0.103,94.32034,-7.77350,55599.19135,0
1007034028868,17.519,0.106,94.32033,-7.77356,55599.19764,0
1007034028868,17.508,0.105,94.32025,-7.77354,55599.20394,0
1007034028868,17.427,0.102,94.32035,-7.77364,55599.21019,0
1007034028868,17.507,0.103,94.32024,-7.77365,55889.40125,0
1007034028868,17.568,0.105,94.32036,-7.77370,55889.40906,0
1007034028868,17.531,0.104,94.32027,-7.77357,55889.41701,0
1007034028868,17.488,0.103,94.32036,-7.77352,55889.42493,0
1007034028868,17.562,0.106,94.32032,-7.77359,55922.27177,0
1007034028868,17.502,0.104,94.32020,-7.77350,55922.27788,0
1007034028868,17.519,0.104,94.32033,-7.77346,55922.28409,0
1007034028868,17.520,0.104,94.32034,-7.77357,55922.29031,0
1007034028868,17.496,0.105,94.32030,-7.77356,55979.15790,0
1007034028868,17.342,0.099,94.32030,-7.77359,55979.16465,0
1007034028868,17.355,0.100,94.32031,-7.77364,55979.17136,0
1007034028868,17.550,0.107,94.32020,-7.77361,55979.17810,0
1007034028868,17.557,0.107,94.32035,-7.77354,56008.11160,0
1007034028868,17.425,0.102,94.32023,-7.77354,56008.12073,0
1007034028868,17.607,0.109,94.32027,-7.77358,56008.12979,0
1007034028868,17.486,0.104,94.32030,-7.77361,56008.13888,0
1007034028891,18.714,0.182,94.27659,-7.76775,54830.27443,0
1007034028891,18.760,0.186,94.27684,-7.76773,54830.27983,0
1007034028891,19.142,0.224,94.27662,-7.76761,54830.28523,0
1007034028891,18.697,0.181,94.27661,-7.76777,54830.29053,0
1007034028891,19.216,0.233,94.27654,-7.76771,54830.29593,0
1007034028891,19.411,0.292,94.27664,-7.76762,54527.21398,0
1007034028891,19.353,0.286,94.27652,-7.76784,54527.23557,0
1007034028891,18.901,0.222,94.27676,-7.76736,54794.44231,0
1007034028891,18.279,0.175,94.27645,-7.76705,54794.44623,0
1007034028891,19.214,0.282,94.27646,-7.76758,54794.45014,0
1007034028891,18.832,0.229,94.27697,-7.76740,54794.45407,0
1007034028891,19.130,0.255,94.27670,-7.76798,54794.45801,0
1007034028891,18.913,0.183,94.27666,-7.76787,55157.43709,0
1007034028891,18.888,0.181,94.27663,-7.76768,55157.44256,0
1007034028891,19.329,0.225,94.27663,-7.76765,55157.44802,0
1007034028891,19.161,0.214,94.27651,-7.76785,55157.45356,0
1007034028891,19.008,0.192,94.27643,-7.76765,55157.45913,0
1007034028891,18.833,0.183,94.27657,-7.76764,55517.32235,0
1007034028891,18.695,0.172,94.27674,-7.76746,55517.33275,0
1007034028891,19.910,0.316,94.27684,-7.76754,55517.33797,0
1007034028891,19.106,0.205,94.27678,-7.76799,55599.19135,0
1007034028891,18.880,0.185,94.27666,-7.76754,55599.19764,0
1007034028891,18.879,0.183,94.27663,-7.76748,55599.20394,0
1007034028891,18.843,0.181,94.27659,-7.76747,55599.21019,0
1007034028891,19.127,0.203,94.27642,-7.76810,55889.40125,0
1007034028891,19.059,0.196,94.27650,-7.76765,55889.40906,0
1007034028891,18.880,0.180,94.27669,-7.76779,55889.41701,0
1007034028891,19.004,0.191,94.27658,-7.76765,55889.42493,0
1007034028891,19.055,0.197,94.27658,-7.76755,55922.27177,0
1007034028891,18.939,0.187,94.27653,-7.76779,55922.27788,0
1007034028891,18.799,0.175,94.27649,-7.76778,55922.28409,0
1007034028891,19.205,0.212,94.27649,-7.76755,55922.29031,0
1007034028891,19.184,0.213,94.27660,-7.76792,55979.15790,0
1007034028891,19.123,0.207,94.27647,-7.76779,55979.16465,0
1007034028891,19.423,0.241,94.27645,-7.76756,55979.17136,0
1007034028891,19.173,0.213,94.27644,-7.76769,55979.17810,0
1007034028891,19.383,0.235,94.27657,-7.76779,56008.11160,0
1007034028891,19.021,0.196,94.27649,-7.76784,56008.12073,0
1007034028891,19.869,0.304,94.27623,-7.76756,56008.12979,0
1007034028891,19.222,0.217,94.27661,-7.76759,56008.13888,0
1007034029016,14.478,0.058,94.27681,-7.82497,54830.27443,0
1007034029016,14.464,0.058,94.27676,-7.82498,54830.27983,0
1007034029016,14.591,0.058,94.27681,-7.82499,54830.28523,0
1007034029016,14.438,0.058,94.27683,-7.82501,54830.29053,0
1007034029016,14.638,0.059,94.27681,-7.82498,54830.29593,0
1007034029016,14.733,0.061,94.27678,-7.82493,54527.21398,0
1007034029016,14.704,0.061,94.27679,-7.82502,54527.22118,0
1007034029016,14.563,0.059,94.27677,-7.82502,54527.22838,0
1007034029016,14.592,0.060,94.27680,-7.82497,54527.23557,0
1007034029016,14.465,0.059,94.27680,-7.82498,54794.44231,0
1007034029016,14.285,0.059,94.27679,-7.82497,54794.44623,0
1007034029016,14.404,0.060,94.27680,-7.82502,54794.45014,0
1007034029016,14.491,0.060,94.27677,-7.82502,54794.45407,0
1007034029016,14.480,0.057,94.27679,-7.82500,55157.43709,0
1007034029016,14.467,0.057,94.27678,-7.82500,55157.44256,0
1007034029016,14.641,0.058,94.27683,-7.82501,55157.44802,0
1007034029016,14.630,0.058,94.27678,-7.82500,55157.45913,0
1007034029016,14.721,0.059,94.27678,-7.82501,55517.32235,0
1007034029016,14.460,0.057,94.27681,-7.82499,55517.33275,0
1007034029016,14.687,0.058,94.27676,-7.82497,55517.33797,0
1007034029016,14.537,0.057,94.27680,-7.82497,55599.19135,0
1007034029016,14.656,0.058,94.27681,-7.82501,55599.19764,0
1007034029016,14.571,0.057,94.27680,-7.82499,55599.20394,0
1007034029016,14.332,0.056,94.27678,-7.82497,55599.21019,0
1007034029016,14.556,0.057,94.27677,-7.82502,55889.40125,0
1007034029016,14.719,0.058,94.27673,-7.82502,55889.40906,0
1007034029016,14.412,0.056,94.27678,-7.82506,55889.41701,0
1007034029016,14.715,0.058,94.27671,-7.82503,55889.42493,0
1007034029016,14.383,0.056,94.27676,-7.82502,55922.27177,0
1007034029016,14.641,0.058,94.27674,-7.82502,55922.27788,0
1007034029016,14.510,0.057,94.27674,-7.82499,55922.28409,0
1007034029016,14.415,0.056,94.27671,-7.82501,55922.29031,0
1007034029016,14.711,0.058,94.27668,-7.82501,55979.15790,0
1007034029016,14.753,0.059,94.27676,-7.82499,55979.16465,0
1007034029016,14.656,0.058,94.27673,-7.82498,55979.17136,0
1007034029016,14.510,0.057,94.27673,-7.82501,55979.17810,0
1007034029016,14.612,0.058,94.27675,-7.82506,56008.11160,0
1007034029016,14.514,0.057,94.27674,-7.82503,56008.12073,0
1007034029016,14.583,0.058,94.27674,-7.82502,56008.12979,0
1007034029016,14.706,0.058,94.27674,-7.82503,56008.13888,0
1007034029088,12.414,0.051,94.26469,-7.82076,55889.40125,0
1007034029088,12.604,0.052,94.26477,-7.82087,56008.13888,0
1007034029214,18.631,0.175,94.29490,-7.76019,54830.27443,0
1007034029214,19.292,0.242,94.29414,-7.76004,54830.27983,0
1007034029214,19.553,0.277,94.29432,-7.76010,54830.28523,0
1007034029214,19.161,0.227,94.29425,-7.75984,54830.29053,0
1007034029214,19.228,0.234,94.29421,-7.76001,54830.29593,0
1007034029214,19.776,0.356,94.29402,-7.75992,54527.21398,0
1007034029214,19.046,0.239,94.29421,-7.76039,54794.44231,0
1007034029214,18.881,0.235,94.29424,-7.75981,54794.44623,0
1007034029214,18.981,0.237,94.29434,-7.76025,54794.45801,0
1007034029214,19.764,0.281,94.29405,-7.76015,55157.43709,0
1007034029214,19.149,0.205,94.29425,-7.75979,55157.44256,0
1007034029214,18.971,0.189,94.29410,-7.76006,55157.44802,0
1007034029214,19.586,0.265,94.29437,-7.75996,55157.45356,0
1007034029214,19.051,0.196,94.29428,-7.75997,55157.45913,0
1007034029214,19.356,0.236,94.29403,-7.76005,55517.33797,0
1007034029214,18.724,0.171,94.29513,-7.75988,55599.19135,0
1007034029214,19.327,0.230,94.29446,-7.75999,55599.19764,0
1007034029214,19.150,0.209,94.29407,-7.75998,55599.20394,0
1007034029214,19.379,0.235,94.29414,-7.75986,55599.21019,0
1007034029214,18.643,0.162,94.29434,-7.75998,55889.40125,0
1007034029214,19.169,0.206,94.29429,-7.75991,55889.40906,0
1007034029214,19.616,0.259,94.29395,-7.76003,55889.41701,0
1007034029214,19.301,0.221,94.29434,-7.75995,55889.42493,0
1007034029214,19.072,0.199,94.29418,-7.75966,55922.27177,0
1007034029214,19.245,0.217,94.29404,-7.76002,55922.27788,0
1007034029214,19.447,0.240,94.29433,-7.76008,55922.28409,0
1007034029214,19.308,0.223,94.29405,-7.76005,55922.29031,0
1007034029214,18.810,0.178,94.29412,-7.75982,55979.15790,0
1007034029214,19.074,0.202,94.29400,-7.76001,55979.16465,0
1007034029214,19.515,0.253,94.29423,-7.76011,55979.17136,0
1007034029214,18.862,0.183,94.29403,-7.75990,55979.17810,0
1007034029214,19.647,0.270,94.29434,-7.75980,56008.11160,0
1007034029214,18.501,0.155,94.29492,-7.76014,56008.12073,0
1007034029214,19.848,0.301,94.29408,-7.75983,56008.12979,0
1007034029214,18.921,0.187,94.29413,-7.76009,56008.13888,0
1007034029256,17.600,0.114,94.32042,-7.76659,54830.27443,0
1007034029256,17.568,0.113,94.32034,-7.76642,54830.27983,0
1007034029256,17.516,0.111,94.32038,-7.76641,54830.28523,0
1007034029256,17.559,0.113,94.32044,-7.76650,54830.29053,0
1007034029256,17.673,0.117,94.32035,-7.76649,54830.29593,0
1007034029256,17.778,0.134,94.32043,-7.76649,54527.21398,0
1007034029256,17.583,0.124,94.32035,-7.76651,54527.22118,0
1007034029256,17.615,0.122,94.32036,-7.76660,54527.22838,0
1007034029256,17.518,0.122,94.32031,-7.76660,54527.23557,0
1007034029256,17.630,0.125,94.32042,-7.76643,54794.44231,0
1007034029256,17.749,0.139,94.32030,-7.76644,54794.44623,0
1007034029256,17.657,0.134,94.32031,-7.76645,54794.45014,0
1007034029256,17.645,0.133,94.32030,-7.76640,54794.45407,0
1007034029256,17.648,0.129,94.32045,-7.76642,54794.45801,0
1007034029256,17.613,0.107,94.32044,-7.76657,55157.43709,0
1007034029256,17.566,0.105,94.32049,-7.76644,55157.44256,0
1007034029256,17.625,0.108,94.32031,-7.76657,55157.44802,0
1007034029256,17.557,0.108,94.32038,-7.76652,55157.45356,0
1007034029256,17.650,0.109,94.32045,-7.76649,55157.45913,0
1007034029256,17.689,0.113,94.32045,-7.76662,55517.32235,0
1007034029256,17.422,0.103,94.32048,-7.76654,55517.33275,0
1007034029256,17.644,0.111,94.32046,-7.76645,55517.33797,0
1007034029256,17.567,0.107,94.32045,-7.76649,55599.19135,0
1007034029256,17.570,0.107,94.32045,-7.76648,55599.19764,0
1007034029256,17.718,0.113,94.32046,-7.76639,55599.20394,0
1007034029256,17.599,0.108,94.32048,-7.76640,55599.21019,0
1007034029256,17.589,0.106,94.32033,-7.76659,55889.40125,0
1007034029256,17.775,0.113,94.32043,-7.76640,55889.40906,0
1007034029256,17.657,0.109,94.32040,-7.76646,55889.41701,0
1007034029256,17.646,0.108,94.32036,-7.76654,55889.42493,0
1007034029256,17.580,0.106,94.32034,-7.76647,55922.27177,0
1007034029256,17.632,0.108,94.32019,-7.76639,55922.27788,0
1007034029256,17.556,0.106,94.32034,-7.76644,55922.28409,0
1007034029256,17.680,0.110,94.32025,-7.76652,55922.29031,0
1007034029256,17.557,0.107,94.32027,-7.76641,55979.15790,0
1007034029256,17.593,0.108,94.32043,-7.76656,55979.16465,0
1007034029256,17.603,0.109,94.32037,-7.76663,55979.17136,0
1007034029256,17.641,0.110,94.32034,-7.76644,55979.17810,0
1007034029256,17.758,0.114,94.32033,-7.76654,56008.11160,0
1007034029256,17.545,0.106,94.32030,-7.76658,56008.12073,0
1007034029256,17.477,0.104,94.32032,-7.76657,56008.12979,0
1007034029256,17.682,0.111,94.32031,-7.76654,56008.13888,0
1007034029261,18.798,0.189,94.31970,-7.76090,54830.27443,0
1007034029261,18.980,0.207,94.31969,-7.76084,54830.27983,0
1007034029261,19.077,0.217,94.31930,-7.76097,54830.28523,0
1007034029261,19.177,0.229,94.31963,-7.76132,54830.29053,0
1007034029261,18.926,0.202,94.31949,-7.76078,54830.29593,0
1007034029261,19.725,0.343,94.31957,-7.76094,54794.44231,0
1007034029261,18.809,0.174,94.31945,-7.76119,55157.43709,0
1007034029261,19.097,0.200,94.31980,-7.76092,55157.44256,0
1007034029261,19.371,0.230,94.31935,-7.76104,55157.44802,0
1007034029261,19.165,0.207,94.31941,-7.76088,55157.45913,0
1007034029261,19.917,0.317,94.31991,-7.76098,55517.33797,0
1007034029261,19.027,0.197,94.31959,-7.76099,55599.19135,0
1007034029261,19.064,0.202,94.31937,-7.76103,55599.19764,0
1007034029261,19.031,0.197,94.32013,-7.76110,55599.20394,0
1007034029261,18.809,0.175,94.31954,-7.76105,55889.40125,0
1007034029261,19.609,0.258,94.31930,-7.76106,55889.40906,0
1007034029261,19.473,0.241,94.31945,-7.76119,55889.41701,0
1007034029261,18.537,0.155,94.31959,-7.76068,55922.27177,0
1007034029261,19.107,0.202,94.31955,-7.76093,55922.27788,0
1007034029261,18.910,0.184,94.31947,-7.76085,55922.28409,0
1007034029261,19.119,0.203,94.31956,-7.76093,55922.29031,0
1007034029261,19.106,0.205,94.31947,-7.76095,55979.15790,0
1007034029261,19.325,0.230,94.31936,-7.76136,55979.17136,0
1007034029261,19.198,0.216,94.31985,-7.76065,55979.17810,0
1007034029261,18.878,0.184,94.31925,-7.76122,56008.11160,0
1007034029261,19.154,0.210,94.31954,-7.76095,56008.12073,0
1007034029261,18.574,0.160,94.31946,-7.76071,56008.12979,0
1007034029299,13.530,0.054,94.29486,-7.77419,54830.27443,0
1007034029299,13.524,0.054,94.29486,-7.77421,54830.27983,0
1007034029299,13.523,0.054,94.29486,-7.77421,54830.28523,0
1007034029299,13.521,0.054,94.29486,-7.77421,54830.29053,0
1007034029299,13.527,0.054,94.29485,-7.77420,54830.29593,0
1007034029299,13.547,0.055,94.29491,-7.77417,54527.21398,0
1007034029299,13.554,0.055,94.29490,-7.77416,54527.22118,0
1007034029299,13.592,0.055,94.29489,-7.77420,54527.22838,0
1007034029299,13.542,0.055,94.29491,-7.77420,54527.23557,0
1007034029299,13.534,0.054,94.29487,-7.77423,54794.44231,0
1007034029299,13.496,0.055,94.29487,-7.77422,54794.44623,0
1007034029299,13.518,0.055,94.29487,-7.77419,54794.45014,0
1007034029299,13.513,0.055,94.29486,-7.77421,54794.45407,0
1007034029299,13.534,0.055,94.29486,-7.77420,54794.45801,0
1007034029299,13.551,0.053,94.29486,-7.77423,55157.43709,0
1007034029299,13.554,0.053,94.29487,-7.77420,55157.44256,0
1007034029299,13.550,0.053,94.29487,-7.77421,55157.44802,0
1007034029299,13.589,0.054,94.29486,-7.77422,55157.45356,0
1007034029299,13.555,0.053,94.29488,-7.77421,55157.45913,0
1007034029299,13.532,0.053,94.29486,-7.77422,55517.32235,0
1007034029299,13.531,0.053,94.29486,-7.77421,55517.33275,0
1007034029299,13.538,0.053,94.29486,-7.77422,55517.33797,0
1007034029299,13.527,0.053,94.29488,-7.77422,55599.19135,0
1007034029299,13.509,0.053,94.29489,-7.77421,55599.19764,0
1007034029299,13.530,0.053,94.29486,-7.77421,55599.20394,0
1007034029299,13.520,0.053,94.29487,-7.77421,55599.21019,0
1007034029299,13.560,0.053,94.29484,-7.77422,55889.40125,0
1007034029299,13.572,0.053,94.29485,-7.77421,55889.40906,0
1007034029299,13.562,0.053,94.29485,-7.77421,55889.41701,0
1007034029299,13.573,0.053,94.29484,-7.77422,55889.42493,0
1007034029299,13.568,0.053,94.29484,-7.77422,55922.27177,0
1007034029299,13.548,0.053,94.29485,-7.77422,55922.27788,0
1007034029299,13.567,0.053,94.29486,-7.77422,55922.28409,0
1007034029299,13.560,0.053,94.29484,-7.77424,55922.29031,0
1007034029299,13.535,0.053,94.29485,-7.77423,55979.15790,0
1007034029299,13.532,0.053,94.29485,-7.77420,55979.16465,0
1007034029299,13.529,0.053,94.29483,-7.77422,55979.17136,0
1007034029299,13.520,0.053,94.29485,-7.77418,55979.17810,0
1007034029299,13.533,0.053,94.29485,-7.77422,56008.11160,0
1007034029299,13.524,0.053,94.29483,-7.77421,56008.12073,0
1007034029299,13.532,0.053,94.29483,-7.77421,56008.12979,0
1007034029299,13.529,0.053,94.29487,-7.77422,56008.13888,0
1007034029313,18.546,0.168,94.28240,-7.76157,54830.27443,0
1007034029313,18.354,0.154,94.28230,-7.76142,54830.27983,0
1007034029313,18.595,0.172,94.28233,-7.76147,54830.28523,0
1007034029313,18.487,0.164,94.28233,-7.76143,54830.29053,0
1007034029313,18.409,0.159,94.28217,-7.76141,54830.29593,0
1007034029313,18.592,0.192,94.28232,-7.76112,54527.21398,0
1007034029313,19.196,0.262,94.28224,-7.76168,54527.22118,0
1007034029313,18.629,0.190,94.28226,-7.76130,54527.22838,0
1007034029313,18.140,0.158,94.28214,-7.76172,54527.23557,0
1007034029313,18.493,0.182,94.28223,-7.76144,54794.44231,0
1007034029313,18.375,0.183,94.28207,-7.76131,54794.44623,0
1007034029313,18.492,0.195,94.28234,-7.76156,54794.45014,0
1007034029313,18.853,0.231,94.28224,-7.76149,54794.45407,0
1007034029313,18.702,0.206,94.28223,-7.76155,54794.45801,0
1007034029313,18.808,0.174,94.28234,-7.76148,55157.43709,0
1007034029313,18.559,0.156,94.28217,-7.76148,55157.44256,0
1007034029313,18.553,0.156,94.28233,-7.76153,55157.44802,0
1007034029313,18.530,0.159,94.28228,-7.76132,55157.45356,0
1007034029313,18.542,0.155,94.28222,-7.76152,55157.45913,0
1007034029313,18.788,0.179,94.28239,-7.76152,55517.32235,0
1007034029313,18.478,0.156,94.28242,-7.76140,55517.33275,0
1007034029313,18.487,0.156,94.28242,-7.76138,55517.33797,0
1007034029313,18.407,0.148,94.28237,-7.76138,55599.19135,0
1007034029313,18.824,0.180,94.28234,-7.76142,55599.19764,0
1007034029313,18.442,0.150,94.28234,-7.76147,55599.20394,0
1007034029313,18.499,0.155,94.28221,-7.76147,55599.21019,0
1007034029313,18.610,0.160,94.28227,-7.76150,55889.40125,0
1007034029313,18.746,0.169,94.28224,-7.76149,55889.40906,0
1007034029313,18.714,0.167,94.28214,-7.76140,55889.41701,0
1007034029313,18.779,0.172,94.28232,-7.76149,55889.42493,0
1007034029313,18.243,0.137,94.28221,-7.76138,55922.27177,0
1007034029313,18.339,0.143,94.28214,-7.76135,55922.27788,0
1007034029313,18.715,0.168,94.28219,-7.76150,55922.28409,0
1007034029313,18.841,0.178,94.28216,-7.76148,55922.29031,0
1007034029313,18.692,0.169,94.28226,-7.76150,55979.15790,0
1007034029313,18.397,0.148,94.28235,-7.76160,55979.16465,0
1007034029313,18.432,0.151,94.28233,-7.76154,55979.17136,0
1007034029313,18.527,0.157,94.28232,-7.76138,55979.17810,0
1007034029313,18.475,0.153,94.28227,-7.76138,56008.11160,0
1007034029313,18.499,0.154,94.28227,-7.76149,56008.12073,0
1007034029313,18.476,0.153,94.28225,-7.76153,56008.12979,0
1007034029313,18.525,0.156,94.28216,-7.76133,56008.13888,0
1007034029340,15.514,0.066,94.30158,-7.76578,54830.27443,0
1007034029340,15.545,0.066,94.30157,-7.76577,54830.27983,0
1007034029340,15.561,0.066,94.30158,-7.76582,54830.28523,0
1007034029340,15.499,0.066,94.30157,-7.76582,54830.29053,0
1007034029340,15.534,0.066,94.30160,-7.76578,54830.29593,0
1007034029340,15.555,0.069,94.30160,-7.76577,54527.21398,0
1007034029340,15.544,0.069,94.30158,-7.76576,54527.22118,0
1007034029340,15.621,0.069,94.30155,-7.76577,54527.22838,0
1007034029340,15.548,0.069,94.30155,-7.76579,54527.23557,0
1007034029340,15.546,0.069,94.30160,-7.76581,54794.44231,0
1007034029340,15.500,0.070,94.30160,-7.76575,54794.44623,0
1007034029340,15.504,0.070,94.30155,-7.76580,54794.45014,0
1007034029340,15.534,0.071,94.30153,-7.76578,54794.45407,0
1007034029340,15.548,0.070,94.30160,-7.76576,54794.45801,0
1007034029340,15.544,0.064,94.30161,-7.76582,55157.43709,0
1007034029340,15.571,0.065,94.30161,-7.76580,55157.44256,0
1007034029340,15.558,0.065,94.30162,-7.76581,55157.44802,0
1007034029340,15.575,0.065,94.30163,-7.76582,55157.45356,0
1007034029340,15.548,0.064,94.30159,-7.76579,55157.45913,0
1007034029340,15.564,0.065,94.30157,-7.76583,55517.32235,0
1007034029340,15.563,0.065,94.30157,-7.76580,55517.33275,0
1007034029340,15.552,0.065,94.30158,-7.76581,55517.33797,0
1007034029340,15.563,0.065,94.30162,-7.76579,55599.19135,0
1007034029340,15.527,0.065,94.30159,-7.76582,55599.19764,0
1007034029340,15.536,0.065,94.30159,-7.76578,55599.20394,0
1007034029340,15.547,0.065,94.30160,-7.76578,55599.21019,0
1007034029340,15.524,0.064,94.30156,-7.76580,55889.40125,0
1007034029340,15.570,0.065,94.30158,-7.76581,55889.40906,0
1007034029340,15.565,0.065,94.30157,-7.76579,55889.41701,0
1007034029340,15.579,0.065,94.30152,-7.76580,55889.42493,0
1007034029340,15.571,0.065,94.30152,-7.76581,55922.27177,0
1007034029340,15.553,0.065,94.30158,-7.76579,55922.27788,0
1007034029340,15.561,0.065,94.30155,-7.76580,55922.28409,0
1007034029340,15.600,0.065,94.30154,-7.76583,55922.29031,0
1007034029340,15.549,0.065,94.30154,-7.76581,55979.15790,0
1007034029340,15.524,0.065,94.30154,-7.76580,55979.16465,0
1007034029340,15.539,0.065,94.30156,-7.76579,55979.17136,0
1007034029340,15.534,0.065,94.30157,-7.76580,55979.17810,0
1007034029340,15.570,0.065,94.30154,-7.76581,56008.11160,0
1007034029340,15.554,0.065,94.30155,-7.76577,56008.12073,0
1007034029340,15.579,0.065,94.30153,-7.76578,56008.12979,0
1007034029340,15.543,0.065,94.30149,-7.76583,56008.13888,0
1007034029360,19.102,0.220,94.27564,-7.75876,54830.27443,0
1007034029360,19.528,0.273,94.27616,-7.75885,54830.27983,0
1007034029360,19.920,0.339,94.27560,-7.75898,54830.29053,0
1007034029360,20.214,0.399,94.27568,-7.75862,54830.29593,0
1007034029360,20.251,0.466,94.27556,-7.75862,54527.21398,0
1007034029360,20.221,0.487,94.27591,-7.75906,54794.45407,0
1007034029360,19.247,0.215,94.27599,-7.75918,55157.43709,0
1007034029360,19.212,0.212,94.27557,-7.75907,55157.44256,0
1007034029360,19.703,0.273,94.27543,-7.75929,55157.44802,0
1007034029360,19.866,0.297,94.27576,-7.75897,55157.45913,0
1007034029360,19.872,0.304,94.27573,-7.75882,55599.19135,0
1007034029360,19.469,0.247,94.27563,-7.75898,55599.19764,0
1007034029360,19.279,0.223,94.27549,-7.75919,55599.20394,0
1007034029360,20.411,0.410,94.27555,-7.75884,55599.21019,0
1007034029360,19.055,0.196,94.27545,-7.75928,55889.40125,0
1007034029360,19.803,0.285,94.27574,-7.75933,55889.40906,0
1007034029360,19.774,0.282,94.27565,-7.75912,55889.42493,0
1007034029360,19.221,0.214,94.27598,-7.75907,55922.27788,0
1007034029360,19.792,0.287,94.27569,-7.75907,55922.28409,0
1007034029360,19.595,0.259,94.27560,-7.75905,55922.29031,0
1007034029360,19.168,0.212,94.27571,-7.75888,55979.16465,0
1007034029360,19.084,0.204,94.27538,-7.75890,55979.17810,0
1007034029360,20.110,0.346,94.27595,-7.75908,56008.11160,0
1007034029360,19.474,0.246,94.27554,-7.75890,56008.12073,0
1007034029360,20.222,0.369,94.27527,-7.75931,56008.12979,0
1007034029473,19.706,0.301,94.29713,-7.75690,54830.27443,0
1007034029473,19.523,0.272,94.29765,-7.75664,54830.27983,0
1007034029473,19.309,0.244,94.29690,-7.75662,54830.28523,0
1007034029473,20.231,0.403,94.29715,-7.75698,54830.29053,0
1007034029473,19.627,0.289,94.29720,-7.75685,54830.29593,0
1007034029473,19.016,0.240,94.29713,-7.75687,54527.23557,0
1007034029473,20.110,0.458,94.29734,-7.75658,54794.45407,0
1007034029473,19.288,0.220,94.29725,-7.75659,55157.43709,0
1007034029473,19.658,0.265,94.29712,-7.75652,55157.44256,0
1007034029473,19.208,0.212,94.29723,-7.75655,55157.44802,0
1007034029473,19.590,0.266,94.29720,-7.75699,55157.45356,0
1007034029473,19.908,0.304,94.29705,-7.75687,55157.45913,0
1007034029473,19.649,0.275,94.29741,-7.75650,55517.33275,0
1007034029473,19.556,0.257,94.29740,-7.75671,55599.19135,0
1007034029473,19.111,0.206,94.29715,-7.75685,55599.19764,0
1007034029473,20.010,0.327,94.29699,-7.75676,55599.20394,0
1007034029473,19.266,0.222,94.29724,-7.75673,55599.21019,0
1007034029473,19.213,0.212,94.29691,-7.75696,55889.40125,0
1007034029473,19.489,0.242,94.29716,-7.75683,55889.40906,0
1007034029473,19.891,0.300,94.29702,-7.75678,55889.41701,0
1007034029473,19.260,0.216,94.29714,-7.75677,55889.42493,0
1007034029473,19.355,0.229,94.29713,-7.75682,55922.27177,0
1007034029473,19.453,0.241,94.29690,-7.75667,55922.27788,0
1007034029473,19.286,0.221,94.29715,-7.75686,55922.28409,0
1007034029473,19.424,0.237,94.29692,-7.75648,55922.29031,0
1007034029473,19.759,0.287,94.29738,-7.75681,55979.16465,0
1007034029473,19.458,0.246,94.29715,-7.75702,55979.17136,0
1007034029473,19.852,0.303,94.29700,-7.75652,55979.17810,0
1007034029473,19.147,0.209,94.29711,-7.75698,56008.11160,0
1007034029473,19.309,0.226,94.29703,-7.75663,56008.12073,0
1007034029473,19.797,0.292,94.29720,-7.75680,56008.12979,0
1007034029473,19.647,0.270,94.29697,-7.75689,56008.13888,0
1007034029475,18.609,0.173,94.28548,-7.75713,54830.27443,0
1007034029475,18.407,0.158,94.28560,-7.75724,54830.27983,0
1007034029475,18.407,0.158,94.28561,-7.75720,54830.28523,0
1007034029475,18.810,0.191,94.28534,-7.75715,54830.29053,0
1007034029475,19.014,0.211,94.28553,-7.75727,54830.29593,0
1007034029475,18.864,0.220,94.28539,-7.75709,54527.21398,0
1007034029475,18.700,0.204,94.28558,-7.75685,54527.22118,0
1007034029475,19.126,0.243,94.28552,-7.75721,54527.22838,0
1007034029475,18.981,0.235,94.28560,-7.75708,54527.23557,0
1007034029475,18.698,0.201,94.28544,-7.75711,54794.44231,0
1007034029475,18.358,0.182,94.28534,-7.75692,54794.44623,0
1007034029475,18.515,0.197,94.28555,-7.75721,54794.45014,0
1007034029475,18.883,0.235,94.28542,-7.75730,54794.45407,0
1007034029475,19.077,0.249,94.28506,-7.75721,54794.45801,0
1007034029475,18.593,0.158,94.28543,-7.75719,55157.43709,0
1007034029475,18.575,0.157,94.28539,-7.75731,55157.44256,0
1007034029475,18.486,0.151,94.28541,-7.75709,55157.44802,0
1007034029475,18.704,0.172,94.28540,-7.75724,55157.45356,0
1007034029475,18.612,0.160,94.28522,-7.75730,55157.45913,0
1007034029475,18.812,0.182,94.28555,-7.75730,55517.32235,0
1007034029475,18.775,0.178,94.28555,-7.75705,55517.33275,0
1007034029475,19.037,0.201,94.28551,-7.75699,55517.33797,0
1007034029475,18.624,0.163,94.28567,-7.75719,55599.19135,0
1007034029475,18.656,0.166,94.28555,-7.75718,55599.19764,0
1007034029475,18.682,0.167,94.28549,-7.75715,55599.20394,0
1007034029475,18.690,0.168,94.28540,-7.75729,55599.21019,0
1007034029475,18.402,0.146,94.28535,-7.75705,55889.40125,0
1007034029475,18.713,0.166,94.28541,-7.75727,55889.40906,0
1007034029475,19.029,0.193,94.28545,-7.75722,55889.41701,0
1007034029475,18.927,0.184,94.28539,-7.75719,55889.42493,0
1007034029475,18.722,0.169,94.28530,-7.75714,55922.27177,0
1007034029475,18.515,0.154,94.28539,-7.75721,55922.27788,0
1007034029475,18.667,0.165,94.28536,-7.75716,55922.28409,0
1007034029475,18.562,0.157,94.28549,-7.75726,55922.29031,0
1007034029475,18.438,0.151,94.28538,-7.75723,55979.15790,0
1007034029475,18.603,0.162,94.28539,-7.75701,55979.16465,0
1007034029475,18.668,0.167,94.28542,-7.75704,55979.17136,0
1007034029475,18.735,0.173,94.28531,-7.75717,55979.17810,0
1007034029475,18.825,0.179,94.28530,-7.75730,56008.11160,0
1007034029475,18.649,0.165,94.28547,-7.75724,56008.12073,0
1007034029475,18.923,0.188,94.28536,-7.75699,56008.12979,0
1007034029475,18.813,0.178,94.28545,-7.75705,56008.13888,0
1007034029536,16.856,0.089,94.26848,-7.76096,54830.27443,0
1007034029536,16.737,0.086,94.26845,-7.76095,54830.27983,0
1007034029536,16.733,0.086,94.26848,-7.76089,54830.28523,0
1007034029536,16.807,0.088,94.26851,-7.76095,54830.29053,0
1007034029536,16.803,0.088,94.26845,-7.76094,54830.29593,0
1007034029536,16.843,0.096,94.26854,-7.76088,54527.21398,0
1007034029536,16.988,0.100,94.26854,-7.76094,54527.22118,0
1007034029536,16.944,0.097,94.26836,-7.76105,54527.22838,0
1007034029536,16.849,0.096,94.26849,-7.76096,54527.23557,0
1007034029536,16.810,0.094,94.26843,-7.76097,54794.44231,0
1007034029536,16.871,0.100,94.26845,-7.76101,54794.44623,0
1007034029536,16.692,0.095,94.26843,-7.76093,54794.45014,0
1007034029536,16.834,0.099,94.26847,-7.76103,54794.45407,0
1007034029536,16.766,0.094,94.26848,-7.76100,54794.45801,0
1007034029536,16.881,0.085,94.26843,-7.76100,55157.43709,0
1007034029536,16.831,0.084,94.26846,-7.76098,55157.44256,0
1007034029536,16.796,0.083,94.26848,-7.76096,55157.44802,0
1007034029536,16.861,0.086,94.26847,-7.76099,55157.45356,0
1007034029536,16.848,0.085,94.26846,-7.76097,55157.45913,0
1007034029536,16.801,0.085,94.26849,-7.76094,55517.32235,0
1007034029536,16.775,0.085,94.26852,-7.76098,55517.33275,0
1007034029536,16.760,0.084,94.26851,-7.76093,55517.33797,0
1007034029536,16.846,0.085,94.26854,-7.76093,55599.19135,0
1007034029536,16.787,0.084,94.26847,-7.76097,55599.19764,0
1007034029536,16.763,0.083,94.26850,-7.76093,55599.20394,0
1007034029536,16.845,0.085,94.26850,-7.76101,55599.21019,0
1007034029536,16.884,0.085,94.26847,-7.76101,55889.40125,0
1007034029536,16.857,0.085,94.26846,-7.76095,55889.40906,0
1007034029536,16.858,0.085,94.26843,-7.76093,55889.41701,0
1007034029536,16.837,0.084,94.26834,-7.76097,55889.42493,0
1007034029536,16.869,0.085,94.26847,-7.76098,55922.27177,0
1007034029536,16.824,0.084,94.26840,-7.76093,55922.27788,0
1007034029536,16.838,0.085,94.26849,-7.76094,55922.28409,0
1007034029536,16.863,0.085,94.26840,-7.76097,55922.29031,0
1007034029536,16.809,0.085,94.26840,-7.76095,55979.15790,0
1007034029536,16.859,0.086,94.26843,-7.76099,55979.16465,0
1007034029536,16.808,0.085,94.26845,-7.76095,55979.17136,0
1007034029536,16.800,0.085,94.26841,-7.76093,55979.17810,0
1007034029536,16.844,0.085,94.26840,-7.76096,56008.11160,0
1007034029536,16.775,0.084,94.26839,-7.76092,56008.12073,0
1007034029536,16.829,0.085,94.26836,-7.76098,56008.12979,0
1007034029536,16.783,0.084,94.26844,-7.76094,56008.13888,0
1007034029552,18.289,0.150,94.32151,-7.75628,54830.27443,0
1007034029552,18.357,0.155,94.32146,-7.75633,54830.27983,0
1007034029552,18.230,0.146,94.32137,-7.75643,54830.28523,0
1007034029552,18.128,0.140,94.32149,-7.75637,54830.29593,0
1007034029552,18.055,0.149,94.32152,-7.75652,54794.44231,0
1007034029552,18.016,0.156,94.32146,-7.75658,54794.44623,0
1007034029552,18.186,0.169,94.32170,-7.75637,54794.45014,0
1007034029552,17.905,0.148,94.32153,-7.75651,54794.45407,0
1007034029552,18.255,0.167,94.32147,-7.75640,54794.45801,0
1007034029552,18.157,0.131,94.32140,-7.75628,55157.43709,0
1007034029552,18.334,0.141,94.32141,-7.75634,55157.44256,0
1007034029552,18.020,0.125,94.32166,-7.75632,55157.44802,0
1007034029552,18.202,0.138,94.32142,-7.75644,55157.45356,0
1007034029552,18.197,0.134,94.32135,-7.75642,55157.45913,0
1007034029552,18.524,0.159,94.32153,-7.75626,55517.33797,0
1007034029552,18.192,0.136,94.32160,-7.75631,55599.19135,0
1007034029552,18.165,0.135,94.32145,-7.75625,55599.19764,0
1007034029552,18.387,0.147,94.32149,-7.75634,55599.21019,0
1007034029552,18.196,0.134,94.32151,-7.75646,55889.40125,0
1007034029552,18.412,0.146,94.32153,-7.75631,55889.41701,0
1007034029552,18.229,0.138,94.32154,-7.75629,56008.11160,0
1007034029552,18.223,0.138,94.32140,-7.75649,56008.12979,0
1007034029604,18.525,0.167,94.30637,-7.75576,54830.27443,0
1007034029604,18.756,0.185,94.30651,-7.75548,54830.27983,0
1007034029604,18.584,0.171,94.30643,-7.75575,54830.28523,0
1007034029604,18.421,0.160,94.30604,-7.75533,54830.29053,0
1007034029604,18.427,0.160,94.30634,-7.75575,54830.29593,0
1007034029604,19.122,0.251,94.30604,-7.75569,54527.21398,0
1007034029604,19.431,0.297,94.30620,-7.75502,54527.22118,0
1007034029604,17.378,0.112,94.30594,-7.75565,54527.22838,0
1007034029604,18.835,0.219,94.30617,-7.75559,54527.23557,0
1007034029604,18.582,0.190,94.30614,-7.75551,54794.44231,0
1007034029604,18.810,0.227,94.30632,-7.75582,54794.44623,0
1007034029604,19.322,0.298,94.30635,-7.75561,54794.45014,0
1007034029604,18.532,0.197,94.30621,-7.75565,54794.45407,0
1007034029604,18.972,0.236,94.30616,-7.75570,54794.45801,0
1007034029604,18.917,0.183,94.30638,-7.75566,55157.43709,0
1007034029604,19.081,0.198,94.30635,-7.75570,55157.44256,0
1007034029604,18.476,0.151,94.30640,-7.75579,55157.44802,0
1007034029604,18.790,0.179,94.30626,-7.75557,55157.45356,0
1007034029604,18.712,0.167,94.30632,-7.75574,55157.45913,0
1007034029604,18.751,0.176,94.30624,-7.75564,55517.32235,0
1007034029604,19.226,0.221,94.30648,-7.75562,55517.33275,0
1007034029604,18.777,0.178,94.30612,-7.75524,55517.33797,0
1007034029604,18.737,0.172,94.30655,-7.75558,55599.19135,0
1007034029604,18.527,0.157,94.30612,-7.75553,55599.19764,0
1007034029604,18.730,0.171,94.30615,-7.75567,55599.20394,0
1007034029604,18.606,0.162,94.30630,-7.75566,55599.21019,0
1007034029604,18.925,0.184,94.30621,-7.75564,55889.40125,0
1007034029604,18.686,0.164,94.30629,-7.75562,55889.40906,0
1007034029604,18.884,0.180,94.30641,-7.75560,55889.41701,0
1007034029604,18.688,0.165,94.30655,-7.75566,55889.42493,0
1007034029604,18.550,0.156,94.30599,-7.75552,55922.27177,0
1007034029604,18.824,0.177,94.30632,-7.75565,55922.27788,0
1007034029604,18.908,0.184,94.30617,-7.75555,55922.28409,0
1007034029604,18.538,0.155,94.30660,-7.75581,55922.29031,0
1007034029604,18.449,0.151,94.30580,-7.75542,55979.15790,0
1007034029604,18.569,0.160,94.30620,-7.75571,55979.16465,0
1007034029604,18.790,0.177,94.30616,-7.75560,55979.17136,0
1007034029604,19.065,0.202,94.30621,-7.75561,55979.17810,0
1007034029604,18.705,0.169,94.30626,-7.75556,56008.11160,0
1007034029604,18.499,0.154,94.30629,-7.75555,56008.12073,0
1007034029604,18.375,0.147,94.30618,-7.75544,56008.12979,0
1007034029604,18.765,0.174,94.30646,-7.75570,56008.13888,0
1007034029717,14.398,0.057,94.31543,-7.76470,54830.27443,0
1007034029717,14.407,0.057,94.31540,-7.76471,54830.27983,0
1007034029717,14.393,0.057,94.31541,-7.76472,54830.28523,0
1007034029717,14.391,0.057,94.31541,-7.76471,54830.29053,0
1007034029717,14.378,0.057,94.31540,-7.76470,54830.29593,0
1007034029717,14.402,0.059,94.31542,-7.76469,54527.21398,0
1007034029717,14.405,0.059,94.31542,-7.76466,54527.22118,0
1007034029717,14.459,0.059,94.31542,-7.76472,54527.22838,0
1007034029717,14.416,0.059,94.31542,-7.76470,54527.23557,0
1007034029717,14.410,0.059,94.31542,-7.76472,54794.44231,0
1007034029717,14.370,0.059,94.31540,-7.76470,54794.44623,0
1007034029717,14.399,0.060,94.31541,-7.76471,54794.45014,0
1007034029717,14.381,0.059,94.31541,-7.76471,54794.45407,0
1007034029717,14.421,0.059,94.31540,-7.76470,54794.45801,0
1007034029717,14.430,0.056,94.31540,-7.76472,55157.43709,0
1007034029717,14.423,0.056,94.31542,-7.76470,55157.44256,0
1007034029717,14.436,0.057,94.31541,-7.76471,55157.44802,0
1007034029717,13.983,0.055,94.31568,-7.76408,55157.45356,0
1007034029717,14.420,0.056,94.31541,-7.76470,55157.45913,0
1007034029717,14.390,0.057,94.31540,-7.76474,55517.32235,0
1007034029717,14.407,0.057,94.31543,-7.76470,55517.33275,0
1007034029717,14.400,0.057,94.31540,-7.76471,55517.33797,0
1007034029717,14.404,0.057,94.31545,-7.76471,55599.19135,0
1007034029717,14.392,0.057,94.31542,-7.76471,55599.19764,0
1007034029717,14.398,0.057,94.31541,-7.76470,55599.20394,0
1007034029717,14.380,0.056,94.31542,-7.76471,55599.21019,0
1007034029717,14.414,0.056,94.31539,-7.76471,55889.40125,0
1007034029717,14.434,0.056,94.31537,-7.76472,55889.40906,0
1007034029717,14.435,0.057,94.31539,-7.76469,55889.41701,0
1007034029717,14.434,0.057,94.31538,-7.76470,55889.42493,0
1007034029717,14.434,0.057,94.31539,-7.76471,55922.27177,0
1007034029717,14.433,0.057,94.31539,-7.76471,55922.27788,0
1007034029717,14.438,0.057,94.31538,-7.76469,55922.28409,0
1007034029717,14.424,0.057,94.31538,-7.76472,55922.29031,0
1007034029717,14.403,0.057,94.31536,-7.76471,55979.15790,0
1007034029717,14.396,0.057,94.31537,-7.76470,55979.16465,0
1007034029717,14.402,0.057,94.31538,-7.76471,55979.17136,0
1007034029717,14.402,0.057,94.31538,-7.76469,55979.17810,0
1007034029717,14.388,0.056,94.31540,-7.76473,56008.11160,0
1007034029717,14.395,0.057,94.31538,-7.76469,56008.12073,0
1007034029717,14.405,0.057,94.31537,-7.76470,56008.12979,0
1007034029717,14.395,0.057,94.31539,-7.76473,56008.13888,0
1007034030455,12.392,0.052,94.31646,-7.75489,54830.27443,0
1007034030455,12.396,0.052,94.31646,-7.75491,54830.27983,0
1007034030455,12.407,0.052,94.31647,-7.75491,54830.28523,0
1007034030455,12.387,0.052,94.31650,-7.75491,54830.29053,0
1007034030455,12.393,0.052,94.31646,-7.75489,54830.29593,0
1007034030455,12.366,0.052,94.31653,-7.75489,54527.21398,0
1007034030455,12.325,0.052,94.31656,-7.75488,54527.22118,0
1007034030455,12.416,0.052,94.31653,-7.75491,54527.22838,0
1007034030455,12.362,0.052,94.31656,-7.75491,54527.23557,0
1007034030455,12.367,0.052,94.31648,-7.75491,54794.44231,0
1007034030455,12.283,0.052,94.31647,-7.75491,54794.44623,0
1007034030455,12.319,0.052,94.31647,-7.75490,54794.45014,0
1007034030455,12.296,0.052,94.31647,-7.75491,54794.45407,0
1007034030455,12.319,0.052,94.31648,-7.75490,54794.45801,0
1007034030455,12.523,0.051,94.31648,-7.75491,55157.43709,0
1007034030455,12.519,0.051,94.31649,-7.75489,55157.44256,0
1007034030455,12.562,0.051,94.31649,-7.75489,55157.44802,0
1007034030455,12.519,0.051,94.31649,-7.75490,55157.45356,0
1007034030455,12.529,0.051,94.31649,-7.75489,55157.45913,0
1007034030455,12.382,0.051,94.31647,-7.75493,55517.32235,0
1007034030455,12.497,0.051,94.31649,-7.75491,55517.33275,0
1007034030455,12.465,0.051,94.31646,-7.75490,55517.33797,0
1007034030455,12.477,0.051,94.31649,-7.75491,55599.19135,0
1007034030455,12.548,0.051,94.31649,-7.75490,55599.19764,0
1007034030455,12.437,0.051,94.31651,-7.75491,55599.20394,0
1007034030455,12.484,0.051,94.31650,-7.75491,55599.21019,0
1007034030455,12.521,0.051,94.31645,-7.75489,55889.40125,0
1007034030455,12.476,0.051,94.31647,-7.75489,55889.40906,0
1007034030455,12.493,0.051,94.31645,-7.75488,55889.41701,0
1007034030455,12.478,0.051,94.31648,-7.75489,55889.42493,0
1007034030455,12.467,0.051,94.31647,-7.75491,55922.27177,0
1007034030455,12.483,0.051,94.31648,-7.75490,55922.27788,0
1007034030455,12.513,0.051,94.31650,-7.75489,55922.28409,0
1007034030455,12.490,0.051,94.31648,-7.75492,55922.29031,0
1007034030455,12.471,0.051,94.31647,-7.75492,55979.15790,0
1007034030455,12.495,0.051,94.31649,-7.75491,55979.16465,0
1007034030455,12.482,0.051,94.31648,-7.75490,55979.17136,0
1007034030455,12.509,0.051,94.31649,-7.75487,55979.17810,0
1007034030455,12.529,0.051,94.31648,-7.75490,56008.11160,0
1007034030455,12.537,0.051,94.31650,-7.75489,56008.12073,0
1007034030455,12.508,0.051,94.31645,-7.75488,56008.12979,0
1007034030455,12.454,0.051,94.31651,-7.75491,56008.13888,0
1007034025299,20.292,0.388,94.29366,-7.84718,56657.31245,0
1007034025299,19.731,0.286,94.29364,-7.84719,56657.33285,0
1007034025299,19.574,0.252,94.29389,-7.84708,56985.31636,0
1007034025299,19.799,0.286,94.29403,-7.84731,57042.27042,0
1007034025299,19.339,0.226,94.29331,-7.84745,57042.27542,0
1007034025299,20.078,0.341,94.29390,-7.84743,57390.29314,0
1007034025503,19.594,0.266,94.30345,-7.84345,56657.33285,0
1007034025503,19.688,0.269,94.30315,-7.84365,57042.27042,0
1007034025503,19.597,0.258,94.30353,-7.84339,57042.27542,0
1007034025503,19.659,0.265,94.30320,-7.84360,57042.28042,0
1007034025588,17.488,0.105,94.29773,-7.84725,56657.30225,0
1007034025588,17.832,0.119,94.29777,-7.84716,56657.31245,0
1007034025588,17.752,0.115,94.29774,-7.84718,56657.32266,0
1007034025588,17.686,0.113,94.29774,-7.84721,56657.33285,0
1007034025588,17.748,0.112,94.29774,-7.84718,56985.31636,0
1007034025588,17.638,0.107,94.29785,-7.84718,56985.32093,0
1007034025588,17.820,0.114,94.29774,-7.84721,56985.32551,0
1007034025588,17.779,0.113,94.29777,-7.84717,56985.33009,0
1007034025588,17.744,0.112,94.29782,-7.84715,57042.26542,0
1007034025588,17.788,0.114,94.29775,-7.84720,57042.27042,0
1007034025588,17.730,0.112,94.29777,-7.84721,57042.27542,0
1007034025588,17.729,0.112,94.29777,-7.84721,57042.28042,0
1007034025588,17.808,0.117,94.29772,-7.84718,57390.28308,0
1007034025588,17.611,0.109,94.29777,-7.84716,57390.28811,0
1007034025588,17.601,0.108,94.29776,-7.84721,57390.29314,0
1007034025588,17.751,0.115,94.29774,-7.84738,57390.29817,0
1007034025927,19.083,0.205,94.29112,-7.83685,56657.30225,0
1007034025927,19.110,0.208,94.29120,-7.83661,56657.31245,0
1007034025927,19.014,0.198,94.29094,-7.83698,56657.32266,0
1007034025927,18.720,0.173,94.29091,-7.83676,56657.33285,0
1007034025927,19.461,0.238,94.29117,-7.83705,56985.31636,0
1007034025927,19.304,0.219,94.29119,-7.83706,56985.32093,0
1007034025927,19.333,0.222,94.29103,-7.83697,56985.32551,0
1007034025927,18.987,0.187,94.29083,-7.83693,56985.33009,0
1007034025927,18.774,0.171,94.29102,-7.83698,57042.26542,0
1007034025927,18.706,0.166,94.29129,-7.83724,57042.27042,0
1007034025927,18.752,0.170,94.29125,-7.83734,57042.27542,0
1007034025927,18.893,0.181,94.29121,-7.83709,57042.28042,0
1007034025927,19.150,0.209,94.29099,-7.83703,57390.28308,0
1007034025927,19.096,0.204,94.29088,-7.83686,57390.28811,0
1007034025927,19.110,0.206,94.29091,-7.83686,57390.29314,0
1007034025927,19.125,0.208,94.29084,-7.83702,57390.29817,0
1007034026031,16.593,0.080,94.30027,-7.83979,56657.30225,0
1007034026031,16.583,0.080,94.30030,-7.83978,56657.31245,0
1007034026031,16.578,0.080,94.30032,-7.83977,56657.32266,0
1007034026031,16.574,0.080,94.30030,-7.83980,56657.33285,0
1007034026031,16.585,0.079,94.30033,-7.83982,56985.31636,0
1007034026031,16.577,0.078,94.30032,-7.83978,56985.32093,0
1007034026031,16.564,0.078,94.30035,-7.83975,56985.32551,0
1007034026031,16.594,0.079,94.30031,-7.83976,56985.33009,0
1007034026031,16.558,0.078,94.30029,-7.83976,57042.26542,0
1007034026031,16.597,0.079,94.30033,-7.83977,57042.27042,0
1007034026031,16.570,0.079,94.30030,-7.83976,57042.27542,0
1007034026031,16.582,0.079,94.30031,-7.83979,57042.28042,0
1007034026031,16.620,0.081,94.30029,-7.83981,57390.28308,0
1007034026031,16.566,0.079,94.30033,-7.83976,57390.28811,0
1007034026031,16.568,0.080,94.30033,-7.83978,57390.29314,0
1007034026031,16.590,0.080,94.30033,-7.83983,57390.29817,0
1007034026276,17.950,0.124,94.32245,-7.83964,56657.30225,0
1007034026276,18.274,0.142,94.32242,-7.83966,56657.31245,0
1007034026276,18.044,0.129,94.32246,-7.83965,56657.32266,0
1007034026276,18.133,0.134,94.32235,-7.83961,56657.33285,0
1007034026276,18.196,0.133,94.32229,-7.83976,56985.31636,0
1007034026276,18.278,0.137,94.32237,-7.83958,56985.32093,0
1007034026276,18.102,0.128,94.32221,-7.83960,56985.32551,0
1007034026276,18.134,0.129,94.32242,-7.83956,56985.33009,0
1007034026276,18.011,0.124,94.32226,-7.83968,57042.26542,0
1007034026276,18.082,0.127,94.32235,-7.83958,57042.27042,0
1007034026276,17.891,0.119,94.32245,-7.83968,57042.27542,0
1007034026276,18.128,0.130,94.32239,-7.83970,57042.28042,0
1007034026276,18.277,0.141,94.32229,-7.83963,57390.28308,0
1007034026276,18.105,0.131,94.32233,-7.83959,57390.28811,0
1007034026276,17.990,0.125,94.32239,-7.83937,57390.29314,0
1007034026276,18.113,0.132,94.32252,-7.83973,57390.29817,0
1007034026400,17.074,0.092,94.32863,-7.82732,56657.30225,0
1007034026400,17.294,0.098,94.32873,-7.82730,56657.31245,0
1007034026400,17.207,0.096,94.32869,-7.82733,56657.32266,0
1007034026400,17.193,0.095,94.32872,-7.82735,56657.33285,0
1007034026400,17.257,0.095,94.32849,-7.82742,56985.31636,0
1007034026400,17.237,0.094,94.32885,-7.82730,56985.32093,0
1007034026400,17.078,0.090,94.32883,-7.82729,56985.33009,0
1007034026400,17.538,0.104,94.32860,-7.82728,57042.26542,0
1007034026400,17.292,0.096,94.32867,-7.82718,57042.27042,0
1007034026400,17.003,0.088,94.32872,-7.82746,57042.27542,0
1007034026400,17.367,0.099,94.32869,-7.82736,57042.28042,0
1007034026400,17.646,0.110,94.32880,-7.82733,57390.28308,0
1007034026400,17.531,0.106,94.32884,-7.82743,57390.28811,0
1007034026400,17.495,0.105,94.32870,-7.82744,57390.29817,0
1007034026465,17.165,0.094,94.28700,-7.82828,56657.30225,0
1007034026465,17.377,0.101,94.28704,-7.82830,56657.31245,0
1007034026465,17.146,0.094,94.28668,-7.82846,56657.32266,0
1007034026465,17.563,0.108,94.28702,-7.82837,56657.33285,0
1007034026465,17.540,0.104,94.28703,-7.82835,56985.31636,0
1007034026465,17.222,0.094,94.28685,-7.82848,56985.32093,0
1007034026465,17.515,0.103,94.28710,-7.82840,56985.32551,0
1007034026465,17.445,0.100,94.28688,-7.82840,56985.33009,0
1007034026465,17.422,0.100,94.28684,-7.82842,57042.26542,0
1007034026465,17.563,0.105,94.28704,-7.82841,57042.27042,0
1007034026465,17.118,0.091,94.28717,-7.82843,57042.27542,0
1007034026465,17.423,0.100,94.28684,-7.82842,57042.28042,0
1007034026465,17.610,0.109,94.28689,-7.82843,57390.28308,0
1007034026465,17.487,0.104,94.28673,-7.82849,57390.28811,0
1007034026465,17.488,0.104,94.28694,-7.82850,57390.29314,0
1007034026465,17.285,0.098,94.28687,-7.82848,57390.29817,0
1007034026622,12.351,0.051,94.26823,-7.83294,57390.29314,0
1007034026626,19.149,0.212,94.33399,-7.82037,56657.30225,0
1007034026626,19.098,0.207,94.33409,-7.81993,56657.31245,0
1007034026626,19.423,0.243,94.33424,-7.82011,56657.32266,0
1007034026626,19.325,0.232,94.33405,-7.81996,56657.33285,0
1007034026626,19.466,0.238,94.33399,-7.82026,56985.31636,0
1007034026626,19.221,0.210,94.33427,-7.81994,56985.33009,0
1007034026626,19.127,0.202,94.33413,-7.81997,57042.26542,0
1007034026626,19.111,0.201,94.33389,-7.82008,57042.27042,0
1007034026626,19.002,0.191,94.33403,-7.82011,57042.27542,0
1007034026626,18.903,0.182,94.33376,-7.82005,57042.28042,0
1007034026626,19.279,0.223,94.33398,-7.82026,57390.28308,0
1007034026626,19.325,0.228,94.33407,-7.82009,57390.28811,0
1007034026626,19.316,0.228,94.33370,-7.81994,57390.29314,0
1007034026626,19.294,0.226,94.33430,-7.82028,57390.29817,0
1007034026649,17.617,0.110,94.31610,-7.82831,56657.31245,0
1007034026649,18.073,0.131,94.31605,-7.82835,56657.32266,0
1007034026649,18.077,0.131,94.31602,-7.82800,56657.33285,0
1007034026649,17.914,0.119,94.31642,-7.82842,56985.31636,0
1007034026649,18.131,0.129,94.31623,-7.82802,56985.32093,0
1007034026649,18.450,0.147,94.31597,-7.82813,56985.32551,0
1007034026649,18.468,0.148,94.31622,-7.82769,56985.33009,0
1007034026649,17.929,0.120,94.31623,-7.82803,57042.26542,0
1007034026649,18.213,0.134,94.31616,-7.82815,57042.27042,0
1007034026649,18.084,0.128,94.31598,-7.82835,57042.27542,0
1007034026649,18.183,0.133,94.31599,-7.82832,57042.28042,0
1007034026649,17.905,0.121,94.31641,-7.82823,57390.28308,0
1007034026649,18.573,0.160,94.31615,-7.82808,57390.28811,0
1007034026649,18.659,0.166,94.31638,-7.82791,57390.29314,0
1007034026649,18.205,0.137,94.31638,-7.82790,57390.29817,0
1007034026654,18.571,0.161,94.28700,-7.83336,56657.30225,0
1007034026654,18.380,0.148,94.28686,-7.83329,56657.31245,0
1007034026654,18.329,0.145,94.28689,-7.83339,56657.32266,0
1007034026654,18.693,0.171,94.28682,-7.83329,56657.33285,0
1007034026654,18.394,0.144,94.28690,-7.83328,56985.31636,0
1007034026654,18.252,0.136,94.28691,-7.83345,56985.32093,0
1007034026654,18.501,0.150,94.28708,-7.83330,56985.32551,0
1007034026654,18.657,0.161,94.28692,-7.83355,56985.33009,0
1007034026654,18.556,0.155,94.28688,-7.83333,57042.26542,0
1007034026654,18.547,0.155,94.28682,-7.83343,57042.27042,0
1007034026654,18.244,0.136,94.28691,-7.83331,57042.27542,0
1007034026654,18.446,0.148,94.28688,-7.83328,57042.28042,0
1007034026654,18.554,0.158,94.28672,-7.83339,57390.28308,0
1007034026654,18.703,0.169,94.28696,-7.83342,57390.28811,0
1007034026654,18.646,0.165,94.28692,-7.83344,57390.29314,0
1007034026654,18.477,0.154,94.28682,-7.83344,57390.29817,0
1007034026662,14.834,0.059,94.29930,-7.83108,56657.30225,0
1007034026662,14.815,0.059,94.29929,-7.83110,56657.31245,0
1007034026662,14.827,0.059,94.29930,-7.83108,56657.32266,0
1007034026662,14.831,0.059,94.29931,-7.83108,56657.33285,0
1007034026662,14.828,0.059,94.29928,-7.83105,56985.31636,0
1007034026662,14.835,0.059,94.29932,-7.83107,56985.32093,0
1007034026662,14.844,0.059,94.29931,-7.83106,56985.32551,0
1007034026662,14.843,0.059,94.29931,-7.83104,56985.33009,0
1007034026662,14.848,0.059,94.29930,-7.83107,57042.26542,0
1007034026662,14.834,0.059,94.29930,-7.83105,57042.27042,0
1007034026662,14.814,0.059,94.29930,-7.83107,57042.27542,0
1007034026662,14.845,0.059,94.29931,-7.83104,57042.28042,0
1007034026662,14.862,0.059,94.29929,-7.83104,57390.28308,0
1007034026662,14.854,0.059,94.29929,-7.83104,57390.28811,0
1007034026662,14.850,0.059,94.29931,-7.83102,57390.29314,0
1007034026662,14.850,0.059,94.29931,-7.83103,57390.29817,0
1007034026665,12.806,0.052,94.26407,-7.83181,57042.26542,0
1007034026665,11.944,0.051,94.26473,-7.83470,57390.29314,0
1007034026666,19.998,0.330,94.34606,-7.81754,56657.30225,0
1007034026666,19.568,0.262,94.34586,-7.81785,56657.31245,0
1007034026666,19.158,0.213,94.34553,-7.81804,56657.32266,0
1007034026666,19.140,0.211,94.34552,-7.81804,56657.33285,0
1007034026666,19.779,0.281,94.34592,-7.81794,56985.31636,0
1007034026666,19.405,0.230,94.34600,-7.81809,56985.33009,0
1007034026666,18.833,0.176,94.34558,-7.81839,57042.26542,0
1007034026666,19.206,0.211,94.34578,-7.81803,57042.27042,0
1007034026666,19.196,0.210,94.34557,-7.81799,57042.27542,0
1007034026666,19.769,0.281,94.34581,-7.81816,57042.28042,0
1007034026666,19.310,0.227,94.34595,-7.81814,57390.29314,0
1007034026666,19.617,0.267,94.34551,-7.81804,57390.29817,0
1007034026670,16.357,0.076,94.27192,-7.82310,56657.30225,0
1007034026670,16.520,0.079,94.27203,-7.82280,56657.31245,0
1007034026670,16.987,0.090,94.27197,-7.82291,56657.32266,0
1007034026670,16.883,0.087,94.27200,-7.82293,56657.33285,0
1007034026670,17.088,0.090,94.27216,-7.82309,56985.31636,0
1007034026670,17.393,0.099,94.27203,-7.82310,56985.32093,0
1007034026670,17.527,0.103,94.27209,-7.82297,56985.32551,0
1007034026670,17.192,0.093,94.27205,-7.82293,56985.33009,0
1007034026670,16.638,0.080,94.27199,-7.82299,57042.27042,0
1007034026670,17.482,0.103,94.27190,-7.82295,57042.27542,0
1007034026670,16.525,0.078,94.27209,-7.82301,57042.28042,0
1007034026670,17.188,0.094,94.27196,-7.82315,57390.28308,0
1007034026670,17.557,0.107,94.27201,-7.82322,57390.28811,0
1007034026670,17.280,0.097,94.27205,-7.82319,57390.29314,0
1007034026670,17.376,0.101,94.27186,-7.82325,57390.29817,0
1007034026684,17.570,0.108,94.28843,-7.82212,56657.30225,0
1007034026684,17.677,0.112,94.28844,-7.82210,56657.31245,0
1007034026684,17.661,0.112,94.28850,-7.82203,56657.32266,0
1007034026684,17.689,0.113,94.28836,-7.82216,56657.33285,0
1007034026684,17.692,0.110,94.28853,-7.82214,56985.31636,0
1007034026684,17.741,0.111,94.28847,-7.82231,56985.32093,0
1007034026684,17.740,0.111,94.28853,-7.82229,56985.32551,0
1007034026684,17.620,0.107,94.28850,-7.82215,56985.33009,0
1007034026684,17.717,0.111,94.28846,-7.82217,57042.26542,0
1007034026684,17.711,0.111,94.28845,-7.82218,57042.27042,0
1007034026684,17.560,0.105,94.28854,-7.82210,57042.27542,0
1007034026684,17.704,0.111,94.28845,-7.82211,57042.28042,0
1007034026684,17.841,0.118,94.28851,-7.82217,57390.28308,0
1007034026684,17.644,0.110,94.28846,-7.82215,57390.28811,0
1007034026684,17.619,0.109,94.28850,-7.82223,57390.29314,0
1007034026684,17.630,0.110,94.28840,-7.82221,57390.29817,0
1007034026709,12.510,0.051,94.31408,-7.83696,56657.30225,0
1007034026709,12.514,0.051,94.31408,-7.83693,56657.31245,0
1007034026709,12.477,0.051,94.31409,-7.83694,56657.32266,0
1007034026709,12.491,0.051,94.31410,-7.83694,56657.33285,0
1007034026709,12.472,0.051,94.31405,-7.83691,56985.31636,0
1007034026709,12.488,0.051,94.31407,-7.83691,56985.32093,0
1007034026709,12.380,0.051,94.31406,-7.83692,56985.32551,0
1007034026709,12.476,0.051,94.31407,-7.83692,56985.33009,0
1007034026709,12.471,0.051,94.31408,-7.83691,57042.26542,0
1007034026709,12.515,0.051,94.31409,-7.83691,57042.27042,0
1007034026709,12.533,0.051,94.31410,-7.83690,57042.27542,0
1007034026709,12.542,0.051,94.31410,-7.83689,57042.28042,0
1007034026709,12.407,0.051,94.31406,-7.83689,57390.28308,0
1007034026709,12.419,0.051,94.31406,-7.83688,57390.28811,0
1007034026709,12.407,0.051,94.31406,-7.83689,57390.29314,0
1007034026709,12.426,0.051,94.31406,-7.83688,57390.29817,0
1007034026731,18.275,0.142,94.28192,-7.81742,56657.30225,0
1007034026731,18.466,0.154,94.28181,-7.81741,56657.31245,0
1007034026731,18.496,0.156,94.28196,-7.81749,56657.32266,0
1007034026731,18.422,0.151,94.28189,-7.81721,56657.33285,0
1007034026731,18.237,0.135,94.28194,-7.81746,56985.31636,0
1007034026731,18.517,0.152,94.28218,-7.81744,56985.32093,0
1007034026731,18.758,0.169,94.28185,-7.81749,56985.32551,0
1007034026731,18.649,0.160,94.28213,-7.81726,56985.33009,0
1007034026731,18.104,0.128,94.28195,-7.81739,57042.26542,0
1007034026731,18.647,0.162,94.28203,-7.81744,57042.27042,0
1007034026731,18.033,0.125,94.28184,-7.81748,57042.27542,0
1007034026731,18.588,0.158,94.28196,-7.81741,57042.28042,0
1007034026731,18.643,0.165,94.28184,-7.81763,57390.28811,0
1007034026731,18.522,0.156,94.28195,-7.81751,57390.29314,0
1007034026731,18.457,0.152,94.28197,-7.81763,57390.29817,0
1007034026737,19.446,0.246,94.29966,-7.81568,56657.32266,0
1007034026737,19.796,0.296,94.29978,-7.81593,56657.33285,0
1007034026737,19.788,0.281,94.30005,-7.81597,56985.32093,0
1007034026737,19.577,0.253,94.29962,-7.81609,57042.26542,0
1007034026737,19.327,0.224,94.30025,-7.81562,57042.27542,0
1007034026737,19.660,0.266,94.29998,-7.81593,57042.28042,0
1007034026737,20.026,0.331,94.29984,-7.81574,57390.28811,0
1007034026737,19.449,0.245,94.29999,-7.81583,57390.29817,0
1007034026754,19.207,0.218,94.31385,-7.81913,56657.30225,0
1007034026754,19.494,0.252,94.31393,-7.81938,56657.31245,0
1007034026754,19.600,0.267,94.31402,-7.81951,56657.32266,0
1007034026754,19.451,0.247,94.31375,-7.81931,56657.33285,0
1007034026754,19.132,0.202,94.31365,-7.81943,57042.26542,0
1007034026754,19.518,0.247,94.31413,-7.81909,57042.27042,0
1007034026754,19.134,0.209,94.31418,-7.81957,57390.29817,0
1007034026781,18.080,0.131,94.31018,-7.81872,56657.30225,0
1007034026781,18.052,0.129,94.31015,-7.81859,56657.31245,0
1007034026781,18.154,0.135,94.31015,-7.81855,56657.32266,0
1007034026781,18.159,0.135,94.31005,-7.81862,56657.33285,0
1007034026781,18.209,0.133,94.31015,-7.81854,56985.31636,0
1007034026781,18.248,0.135,94.31028,-7.81865,56985.32093,0
1007034026781,18.263,0.136,94.31029,-7.81861,56985.32551,0
1007034026781,18.155,0.130,94.31035,-7.81874,56985.33009,0
1007034026781,17.925,0.120,94.31017,-7.81870,57042.26542,0
1007034026781,18.188,0.133,94.31018,-7.81876,57042.27042,0
1007034026781,18.108,0.129,94.31017,-7.81869,57042.27542,0
1007034026781,18.034,0.125,94.31020,-7.81873,57042.28042,0
1007034026781,18.150,0.133,94.31009,-7.81870,57390.28308,0
1007034026781,18.024,0.127,94.31011,-7.81871,57390.28811,0
1007034026781,18.217,0.137,94.31013,-7.81884,57390.29314,0
1007034026781,18.159,0.134,94.31017,-7.81871,57390.29817,0
1007034026793,18.311,0.144,94.32813,-7.83203,56657.30225,0
1007034026793,18.251,0.140,94.32771,-7.83242,56657.31245,0
1007034026793,18.089,0.132,94.32786,-7.83304,56657.33285,0
1007034026793,18.721,0.166,94.32819,-7.83270,56985.31636,0
1007034026793,18.678,0.163,94.32811,-7.83228,56985.32093,0
1007034026793,18.058,0.125,94.32808,-7.83223,56985.33009,0
1007034026793,18.942,0.185,94.32787,-7.83244,57042.26542,0
1007034026793,18.101,0.128,94.32792,-7.83238,57042.27042,0
1007034026793,18.554,0.156,94.32777,-7.83289,57042.27542,0
1007034026793,17.985,0.123,94.32759,-7.83267,57042.28042,0
1007034026793,19.195,0.214,94.32810,-7.83257,57390.28811,0
1007034026793,19.461,0.245,94.32819,-7.83250,57390.29314,0
1007034026821,16.460,0.078,94.33333,-7.83068,56657.30225,0
1007034026821,16.288,0.075,94.33334,-7.83061,56657.31245,0
1007034026821,16.421,0.077,94.33334,-7.83061,56657.32266,0
1007034026821,16.326,0.076,94.33335,-7.83056,56657.33285,0
1007034026821,16.402,0.075,94.33334,-7.83063,56985.31636,0
1007034026821,16.309,0.074,94.33328,-7.83073,56985.32093,0
1007034026821,16.407,0.075,94.33329,-7.83066,56985.32551,0
1007034026821,16.347,0.074,94.33327,-7.83066,56985.33009,0
1007034026821,16.334,0.074,94.33326,-7.83063,57042.26542,0
1007034026821,16.313,0.074,94.33330,-7.83062,57042.27042,0
1007034026821,16.352,0.075,94.33333,-7.83066,57042.27542,0
1007034026821,16.309,0.074,94.33331,-7.83057,57042.28042,0
1007034026821,16.378,0.076,94.33337,-7.83061,57390.28308,0
1007034026821,16.346,0.075,94.33329,-7.83060,57390.28811,0
1007034026821,16.427,0.077,94.33336,-7.83057,57390.29314,0
1007034026821,16.383,0.076,94.33332,-7.83065,57390.29817,0
1007034026835,18.222,0.139,94.34177,-7.81903,56657.30225,0
1007034026835,17.998,0.127,94.34171,-7.81907,56657.31245,0
1007034026835,18.094,0.132,94.34168,-7.81906,56657.32266,0
1007034026835,18.206,0.138,94.34166,-7.81903,56657.33285,0
1007034026835,18.251,0.136,94.34179,-7.81903,56985.31636,0
1007034026835,17.982,0.122,94.34158,-7.81891,56985.32093,0
1007034026835,18.208,0.133,94.34187,-7.81910,56985.32551,0
1007034026835,18.223,0.134,94.34164,-7.81892,56985.33009,0
1007034026835,18.160,0.131,94.34163,-7.81898,57042.26542,0
1007034026835,18.054,0.126,94.34170,-7.81899,57042.27042,0
1007034026835,18.074,0.127,94.34168,-7.81901,57042.27542,0
1007034026835,18.024,0.125,94.34170,-7.81910,57042.28042,0
1007034026835,17.946,0.123,94.34155,-7.81918,57390.28308,0
1007034026835,18.126,0.132,94.34183,-7.81909,57390.28811,0
1007034026835,18.140,0.133,94.34166,-7.81913,57390.29314,0
1007034026835,18.215,0.137,94.34172,-7.81904,57390.29817,0
1007034026856,17.192,0.095,94.30041,-7.82217,56657.30225,0
1007034026856,17.153,0.094,94.30035,-7.82224,56657.31245,0
1007034026856,17.136,0.094,94.30034,-7.82225,56657.32266,0
1007034026856,17.122,0.093,94.30040,-7.82217,56657.33285,0
1007034026856,17.136,0.091,94.30045,-7.82214,56985.31636,0
1007034026856,17.190,0.093,94.30041,-7.82211,56985.32093,0
1007034026856,17.103,0.090,94.30041,-7.82204,56985.32551,0
1007034026856,17.073,0.089,94.30047,-7.82207,56985.33009,0
1007034026856,17.155,0.092,94.30041,-7.82216,57042.26542,0
1007034026856,17.175,0.093,94.30041,-7.82205,57042.27042,0
1007034026856,17.063,0.090,94.30040,-7.82210,57042.27542,0
1007034026856,17.109,0.091,94.30047,-7.82209,57042.28042,0
1007034026856,17.125,0.093,94.30045,-7.82214,57390.28308,0
1007034026856,17.154,0.093,94.30039,-7.82207,57390.28811,0
1007034026856,17.178,0.094,94.30036,-7.82222,57390.29314,0
1007034026856,17.173,0.094,94.30035,-7.82215,57390.29817,0
1007034026902,20.773,0.494,94.27635,-7.81045,57042.27542,0
1007034026935,15.590,0.065,94.34390,-7.82388,56657.30225,0
1007034026935,15.572,0.065,94.34390,-7.82384,56657.31245,0
1007034026935,15.600,0.066,94.34389,-7.82385,56657.32266,0
1007034026935,15.599,0.066,94.34392,-7.82387,56657.33285,0
1007034026935,15.622,0.065,94.34391,-7.82388,56985.31636,0
1007034026935,15.565,0.064,94.34392,-7.82389,56985.32093,0
1007034026935,15.591,0.065,94.34390,-7.82389,56985.32551,0
1007034026935,15.579,0.064,94.34390,-7.82385,56985.33009,0
1007034026935,15.600,0.065,94.34388,-7.82387,57042.26542,0
1007034026935,15.632,0.065,94.34391,-7.82390,57042.27042,0
1007034026935,15.592,0.065,94.34389,-7.82384,57042.27542,0
1007034026935,15.622,0.065,94.34391,-7.82388,57042.28042,0
1007034026935,15.581,0.065,94.34387,-7.82388,57390.28308,0
1007034026935,15.601,0.065,94.34388,-7.82385,57390.28811,0
1007034026935,15.594,0.065,94.34392,-7.82389,57390.29314,0
1007034026935,15.577,0.065,94.34390,-7.82384,57390.29817,0
1007034027015,19.221,0.219,94.28065,-7.81109,56657.30225,0
1007034027015,18.880,0.186,94.28060,-7.81126,56657.31245,0
1007034027015,18.814,0.180,94.28067,-7.81122,56657.32266,0
1007034027015,19.185,0.216,94.28080,-7.81097,56657.33285,0
1007034027015,19.346,0.224,94.28056,-7.81122,56985.31636,0
1007034027015,19.535,0.246,94.28093,-7.81082,56985.32093,0
1007034027015,19.237,0.212,94.28066,-7.81114,56985.33009,0
1007034027015,19.024,0.192,94.28072,-7.81114,57042.26542,0
1007034027015,19.499,0.244,94.28065,-7.81119,57042.27042,0
1007034027015,19.127,0.203,94.28075,-7.81144,57042.27542,0
1007034027015,19.090,0.199,94.28065,-7.81119,57042.28042,0
1007034027015,19.259,0.221,94.28054,-7.81145,57390.28308,0
1007034027015,19.539,0.255,94.28070,-7.81132,57390.28811,0
1007034027015,19.858,0.302,94.28042,-7.81129,57390.29314,0
1007034027015,19.572,0.261,94.28064,-7.81131,57390.29817,0
1007034027058,20.678,0.483,94.31096,-7.80899,56657.30225,0
1007034027058,20.832,0.509,94.31047,-7.80871,57042.27042,0
1007034027058,20.844,0.515,94.31105,-7.80847,57042.27542,0
1007034027074,18.855,0.184,94.30205,-7.81133,56657.30225,0
1007034027074,19.408,0.241,94.30226,-7.81128,56657.31245,0
1007034027074,19.092,0.206,94.30225,-7.81142,56657.32266,0
1007034027074,19.151,0.212,94.30215,-7.81138,56657.33285,0
1007034027074,19.351,0.225,94.30208,-7.81125,56985.31636,0
1007034027074,18.917,0.182,94.30180,-7.81119,56985.32093,0
1007034027074,19.788,0.281,94.30187,-7.81163,56985.32551,0
1007034027074,18.995,0.188,94.30206,-7.81126,56985.33009,0
1007034027074,19.006,0.190,94.30196,-7.81103,57042.26542,0
1007034027074,18.898,0.182,94.30223,-7.81121,57042.27042,0
1007034027074,18.966,0.188,94.30187,-7.81134,57042.27542,0
1007034027074,18.975,0.188,94.30202,-7.81154,57042.28042,0
1007034027074,18.899,0.186,94.30230,-7.81119,57390.28308,0
1007034027074,18.954,0.190,94.30225,-7.81134,57390.28811,0
1007034027074,19.317,0.228,94.30201,-7.81154,57390.29314,0
1007034027074,19.353,0.233,94.30210,-7.81157,57390.29817,0
1007034027089,19.211,0.218,94.29103,-7.80829,56657.31245,0
1007034027089,19.636,0.272,94.29107,-7.80841,56657.32266,0
1007034027089,19.619,0.270,94.29117,-7.80826,56657.33285,0
1007034027089,19.521,0.246,94.29082,-7.80838,57042.26542,0
1007034027089,19.651,0.264,94.29125,-7.80817,57042.27042,0
1007034027089,19.810,0.288,94.29104,-7.80854,57042.27542,0
1007034027089,19.492,0.243,94.29118,-7.80852,57042.28042,0
1007034027089,20.078,0.340,94.29082,-7.80846,57390.28308,0
1007034027089,19.198,0.214,94.29089,-7.80841,57390.28811,0
1007034027089,19.809,0.294,94.29113,-7.80854,57390.29314,0
1007034027134,19.238,0.221,94.32735,-7.80741,56657.30225,0
1007034027134,18.948,0.192,94.32740,-7.80737,56657.31245,0
1007034027134,19.085,0.205,94.32743,-7.80722,56657.32266,0
1007034027134,19.116,0.209,94.32749,-7.80741,56657.33285,0
1007034027134,19.142,0.203,94.32747,-7.80723,56985.31636,0
1007034027134,19.331,0.222,94.32756,-7.80726,56985.32093,0
1007034027134,19.571,0.251,94.32757,-7.80726,56985.32551,0
1007034027134,19.169,0.205,94.32771,-7.80721,56985.33009,0
1007034027134,18.961,0.186,94.32745,-7.80733,57042.26542,0
1007034027134,18.926,0.184,94.32740,-7.80731,57042.27042,0
1007034027134,18.957,0.187,94.32739,-7.80734,57042.27542,0
1007034027134,19.317,0.223,94.32767,-7.80702,57042.28042,0
1007034027134,19.076,0.202,94.32733,-7.80746,57390.28308,0
1007034027134,19.594,0.262,94.32754,-7.80741,57390.28811,0
1007034027134,19.017,0.196,94.32760,-7.80729,57390.29314,0
1007034027134,19.262,0.222,94.32754,-7.80765,57390.29817,0
1007034027151,19.134,0.210,94.31940,-7.80834,56657.30225,0
1007034027151,19.127,0.210,94.31946,-7.80848,56657.31245,0
1007034027151,19.265,0.225,94.31979,-7.80828,56657.32266,0
1007034027151,19.245,0.223,94.31987,-7.80827,56657.33285,0
1007034027151,19.060,0.195,94.31925,-7.80798,56985.31636,0
1007034027151,19.502,0.242,94.31943,-7.80831,56985.32093,0
1007034027151,19.200,0.208,94.32002,-7.80860,56985.32551,0
1007034027151,19.080,0.196,94.31936,-7.80852,56985.33009,0
1007034027151,18.925,0.183,94.31956,-7.80834,57042.26542,0
1007034027151,19.758,0.279,94.31969,-7.80828,57042.27042,0
1007034027151,19.043,0.195,94.31987,-7.80837,57042.27542,0
1007034027151,19.140,0.204,94.31978,-7.80827,57042.28042,0
1007034027151,19.100,0.204,94.31957,-7.80837,57390.28308,0
1007034027151,19.773,0.289,94.31966,-7.80820,57390.28811,0
1007034027151,19.598,0.263,94.31967,-7.80864,57390.29314,0
1007034027151,19.060,0.201,94.31966,-7.80869,57390.29817,0
1007034027176,17.243,0.097,94.31561,-7.81111,56657.30225,0
1007034027176,17.268,0.098,94.31564,-7.81115,56657.31245,0
1007034027176,17.133,0.094,94.31563,-7.81113,56657.32266,0
1007034027176,17.197,0.096,94.31562,-7.81108,56657.33285,0
1007034027176,17.283,0.096,94.31560,-7.81114,56985.31636,0
1007034027176,17.270,0.095,94.31565,-7.81110,56985.32093,0
1007034027176,17.250,0.094,94.31574,-7.81112,56985.32551,0
1007034027176,17.147,0.091,94.31561,-7.81115,56985.33009,0
1007034027176,17.284,0.096,94.31565,-7.81115,57042.26542,0
1007034027176,17.276,0.096,94.31567,-7.81110,57042.27042,0
1007034027176,17.266,0.096,94.31564,-7.81109,57042.27542,0
1007034027176,17.205,0.094,94.31563,-7.81116,57042.28042,0
1007034027176,17.238,0.096,94.31567,-7.81109,57390.28308,0
1007034027176,17.318,0.098,94.31566,-7.81117,57390.28811,0
1007034027176,17.302,0.098,94.31568,-7.81113,57390.29314,0
1007034027176,17.199,0.095,94.31566,-7.81116,57390.29817,0
1007034027181,19.821,0.299,94.34010,-7.80604,56657.30225,0
1007034027181,20.023,0.334,94.34022,-7.80600,56657.31245,0
1007034027181,20.236,0.377,94.34010,-7.80576,56657.32266,0
1007034027181,19.991,0.329,94.33999,-7.80584,56657.33285,0
1007034027181,19.645,0.264,94.34036,-7.80606,57042.28042,0
1007034027181,19.844,0.300,94.34001,-7.80593,57390.28308,0
1007034027181,20.685,0.482,94.34015,-7.80618,57390.29817,0
1007034027364,18.145,0.134,94.30488,-7.80518,56657.30225,0
1007034027364,18.331,0.145,94.30499,-7.80498,56657.31245,0
1007034027364,18.075,0.131,94.30489,-7.80516,56657.32266,0
1007034027364,18.296,0.143,94.30494,-7.80499,56657.33285,0
1007034027364,18.217,0.134,94.30501,-7.80516,56985.31636,0
1007034027364,18.160,0.131,94.30502,-7.80496,56985.32093,0
1007034027364,18.159,0.130,94.30506,-7.80518,56985.32551,0
1007034027364,18.083,0.126,94.30496,-7.80516,56985.33009,0
1007034027364,18.071,0.127,94.30517,-7.80503,57042.26542,0
1007034027364,18.126,0.130,94.30494,-7.80505,57042.27042,0
1007034027364,18.120,0.130,94.30493,-7.80511,57042.27542,0
1007034027364,18.189,0.133,94.30492,-7.80517,57042.28042,0
1007034027364,18.353,0.145,94.30490,-7.80502,57390.28308,0
1007034027364,18.154,0.134,94.30486,-7.80518,57390.28811,0
1007034027364,18.129,0.132,94.30489,-7.80505,57390.29314,0
1007034027364,18.272,0.141,94.30491,-7.80514,57390.29817,0
1007034027389,19.095,0.206,94.31132,-7.80309,56657.30225,0
1007034027389,19.491,0.252,94.31141,-7.80307,56657.31245,0
1007034027389,19.615,0.269,94.31156,-7.80295,56657.32266,0
1007034027389,19.991,0.329,94.31136,-7.80287,56657.33285,0
1007034027389,19.574,0.252,94.31155,-7.80263,56985.31636,0
1007034027389,19.961,0.308,94.31170,-7.80314,56985.33009,0
1007034027389,19.985,0.314,94.31132,-7.80302,57042.26542,0
1007034027389,19.974,0.314,94.31131,-7.80308,57042.27042,0
1007034027389,19.811,0.288,94.31131,-7.80268,57042.27542,0
1007034027389,19.467,0.246,94.31153,-7.80306,57390.28308,0
1007034027402,18.431,0.151,94.29160,-7.80416,56657.30225,0
1007034027402,18.429,0.151,94.29128,-7.80404,56657.31245,0
1007034027402,18.584,0.162,94.29135,-7.80407,56657.32266,0
1007034027402,18.264,0.141,94.29137,-7.80411,56657.33285,0
1007034027402,18.262,0.136,94.29143,-7.80416,56985.31636,0
1007034027402,18.444,0.147,94.29139,-7.80426,56985.32093,0
1007034027402,18.428,0.146,94.29158,-7.80401,56985.32551,0
1007034027402,18.369,0.142,94.29127,-7.80391,56985.33009,0
1007034027402,18.226,0.135,94.29144,-7.80417,57042.26542,0
1007034027402,18.304,0.140,94.29148,-7.80420,57042.27042,0
1007034027402,18.458,0.149,94.29132,-7.80411,57042.27542,0
1007034027402,18.395,0.145,94.29136,-7.80418,57042.28042,0
1007034027402,18.736,0.172,94.29194,-7.80445,57390.28308,0
1007034027402,18.225,0.137,94.29136,-7.80402,57390.28811,0
1007034027402,18.370,0.146,94.29134,-7.80453,57390.29314,0
1007034027402,18.642,0.165,94.29149,-7.80434,57390.29817,0
1007034027404,12.080,0.051,94.32356,-7.82664,56657.30225,0
1007034027404,12.126,0.051,94.32357,-7.82662,56657.31245,0
1007034027404,12.105,0.051,94.32361,-7.82663,56657.32266,0
1007034027404,12.127,0.051,94.32362,-7.82663,56657.33285,0
1007034027404,12.055,0.051,94.32359,-7.82660,56985.31636,0
1007034027404,12.145,0.051,94.32359,-7.82660,56985.32093,0
1007034027404,11.943,0.051,94.32363,-7.82660,56985.32551,0
1007034027404,12.130,0.051,94.32360,-7.82660,56985.33009,0
1007034027404,12.129,0.051,94.32358,-7.82659,57042.26542,0
1007034027404,12.142,0.051,94.32358,-7.82660,57042.27042,0
1007034027404,12.166,0.051,94.32359,-7.82663,57042.27542,0
1007034027404,12.198,0.051,94.32361,-7.82658,57042.28042,0
1007034027404,11.936,0.051,94.32354,-7.82653,57390.28308,0
1007034027404,11.952,0.051,94.32355,-7.82653,57390.28811,0
1007034027404,11.932,0.051,94.32360,-7.82656,57390.29314,0
1007034027404,11.947,0.051,94.32354,-7.82654,57390.29817,0
1007034027405,20.041,0.337,94.34957,-7.80217,56657.30225,0
1007034027405,20.331,0.397,94.34952,-7.80193,56657.31245,0
1007034027405,19.964,0.324,94.34974,-7.80224,56657.32266,0
1007034027405,20.295,0.390,94.34989,-7.80180,56657.33285,0
1007034027405,19.994,0.318,94.34961,-7.80201,57042.27542,0
1007034027405,20.098,0.336,94.34973,-7.80209,57042.28042,0
1007034027405,20.796,0.512,94.35007,-7.80251,57390.28308,0
1007034027405,20.267,0.378,94.34991,-7.80204,57390.29314,0
1007034027405,19.586,0.263,94.34960,-7.80265,57390.29817,0
1007034027446,17.114,0.093,94.33274,-7.80863,56657.30225,0
1007034027446,16.955,0.089,94.33270,-7.80866,56657.31245,0
1007034027446,17.072,0.092,94.33270,-7.80867,56657.32266,0
1007034027446,17.085,0.092,94.33272,-7.80860,56657.33285,0
1007034027446,17.074,0.090,94.33284,-7.80881,56985.31636,0
1007034027446,17.003,0.088,94.33283,-7.80875,56985.32093,0
1007034027446,17.067,0.089,94.33276,-7.80864,56985.32551,0
1007034027446,17.049,0.089,94.33278,-7.80878,56985.33009,0
1007034027446,16.968,0.087,94.33266,-7.80862,57042.26542,0
1007034027446,17.038,0.089,94.33280,-7.80872,57042.27042,0
1007034027446,17.035,0.089,94.33277,-7.80866,57042.27542,0
1007034027446,17.039,0.089,94.33277,-7.80876,57042.28042,0
1007034027446,17.062,0.091,94.33278,-7.80862,57390.28308,0
1007034027446,16.964,0.088,94.33275,-7.80865,57390.28811,0
1007034027446,16.988,0.089,94.33280,-7.80865,57390.29314,0
1007034027446,17.040,0.091,94.33283,-7.80878,57390.29817,0
1007034027453,11.702,0.051,94.26888,-7.82940,56657.30225,0
1007034027453,12.208,0.051,94.26897,-7.82938,56657.31245,0
1007034027453,12.488,0.051,94.26889,-7.82847,56985.31636,0
1007034027453,12.824,0.052,94.26825,-7.82691,57042.26542,0
1007034027453,12.611,0.051,94.26897,-7.82933,57042.26542,1
1007034027453,11.614,0.051,94.26902,-7.82945,57042.27042,0
1007034027457,19.556,0.260,94.33812,-7.80004,56657.30225,0
1007034027457,19.264,0.224,94.33806,-7.79977,56657.31245,0
1007034027457,19.261,0.224,94.33831,-7.79992,56657.32266,0
1007034027457,19.589,0.266,94.33784,-7.79965,56657.33285,0
1007034027457,19.394,0.229,94.33832,-7.79991,56985.33009,0
1007034027457,19.655,0.264,94.33848,-7.79996,57042.26542,0
1007034027457,19.713,0.273,94.33841,-7.79987,57042.27042,0
1007034027457,19.822,0.290,94.33830,-7.79982,57042.27542,0
1007034027457,18.936,0.185,94.33840,-7.79991,57042.28042,0
1007034027457,18.956,0.191,94.33853,-7.79963,57390.28308,0
1007034027457,19.444,0.243,94.33835,-7.80025,57390.28811,0
1007034027457,19.317,0.228,94.33817,-7.80027,57390.29314,0
1007034027457,19.391,0.237,94.33822,-7.80005,57390.29817,0
1007034027470,12.115,0.051,94.26440,-7.82628,56657.30225,0
1007034027470,10.536,0.050,94.26375,-7.82936,56657.31245,0
1007034027470,10.620,0.050,94.26370,-7.82953,56985.32093,0
1007034027470,11.292,0.050,94.26374,-7.82878,57042.26542,0
1007034027470,10.867,0.050,94.26382,-7.82925,57042.27542,0
1007034027470,10.742,0.050,94.26381,-7.82933,57042.28042,0
1007034027470,10.498,0.050,94.26361,-7.82852,57390.28308,0
1007034027470,10.693,0.050,94.26368,-7.82857,57390.29314,0
1007034027508,20.210,0.371,94.28199,-7.79784,56657.30225,0
1007034027508,20.119,0.338,94.28193,-7.79800,57042.26542,0
1007034027508,20.095,0.335,94.28197,-7.79812,57042.27042,0
1007034027508,20.640,0.457,94.28189,-7.79789,57042.27542,0
1007034027508,19.852,0.294,94.28185,-7.79835,57042.28042,0
1007034027508,20.709,0.486,94.28174,-7.79850,57390.28811,0
1007034027574,16.400,0.077,94.25566,-7.81697,56657.31245,0
1007034027574,16.641,0.082,94.25535,-7.81676,56657.33285,0
1007034027574,18.375,0.143,94.25586,-7.81726,56985.31636,0
1007034027574,17.931,0.119,94.25581,-7.81730,56985.32093,0
1007034027574,18.193,0.132,94.25598,-7.81708,56985.32551,0
1007034027574,16.724,0.081,94.25555,-7.81693,56985.33009,0
1007034027574,17.923,0.120,94.25545,-7.81700,57042.27042,0
1007034027574,19.187,0.213,94.25552,-7.81732,57390.28811,0
1007034027574,18.786,0.176,94.25557,-7.81699,57390.29314,0
1007034027574,18.954,0.191,94.25606,-7.81688,57390.29817,0
1007034027597,19.606,0.267,94.30133,-7.79642,56657.30225,0
1007034027597,19.464,0.248,94.30125,-7.79634,56657.31245,0
1007034027597,19.005,0.198,94.30118,-7.79668,56657.32266,0
1007034027597,19.265,0.225,94.30091,-7.79625,56657.33285,0
1007034027597,19.802,0.284,94.30162,-7.79661,56985.31636,0
1007034027597,19.815,0.285,94.30136,-7.79646,56985.32093,0
1007034027597,19.584,0.252,94.30123,-7.79660,56985.33009,0
1007034027597,19.146,0.204,94.30102,-7.79656,57042.26542,0
1007034027597,19.770,0.281,94.30101,-7.79666,57042.27042,0
1007034027597,19.215,0.212,94.30105,-7.79657,57042.27542,0
1007034027597,19.584,0.255,94.30122,-7.79664,57042.28042,0
1007034027597,19.854,0.301,94.30107,-7.79703,57390.28308,0
1007034027597,19.797,0.292,94.30125,-7.79681,57390.28811,0
1007034027597,19.463,0.245,94.30088,-7.79644,57390.29314,0
1007034027597,19.877,0.307,94.30118,-7.79665,57390.29817,0
1007034027600,19.301,0.228,94.27834,-7.79620,56657.30225,0
1007034027600,19.535,0.258,94.27829,-7.79635,56657.31245,0
1007034027600,19.333,0.232,94.27826,-7.79616,56657.32266,0
1007034027600,19.428,0.244,94.27848,-7.79630,56657.33285,0
1007034027600,19.563,0.251,94.27837,-7.79652,56985.31636,0
1007034027600,20.428,0.400,94.27852,-7.79595,56985.32093,0
1007034027600,19.570,0.251,94.27878,-7.79641,56985.32551,0
1007034027600,19.846,0.290,94.27881,-7.79627,56985.33009,0
1007034027600,19.433,0.235,94.27836,-7.79601,57042.26542,0
1007034027600,19.316,0.222,94.27830,-7.79629,57042.27042,0
1007034027600,19.544,0.251,94.27828,-7.79601,57042.27542,0
1007034027600,19.318,0.223,94.27852,-7.79641,57042.28042,0
1007034027600,20.355,0.397,94.27848,-7.79634,57390.28308,0
1007034027600,18.864,0.182,94.27869,-7.79614,57390.28811,0
1007034027600,19.470,0.246,94.27871,-7.79638,57390.29314,0
1007034027621,19.150,0.212,94.29461,-7.79722,56657.30225,0
1007034027621,19.109,0.208,94.29457,-7.79696,56657.31245,0
1007034027621,18.943,0.192,94.29462,-7.79719,56657.32266,0
1007034027621,19.035,0.201,94.29459,-7.79696,56657.33285,0
1007034027621,19.046,0.194,94.29479,-7.79716,56985.31636,0
1007034027621,19.031,0.192,94.29471,-7.79703,56985.32093,0
1007034027621,18.779,0.170,94.29444,-7.79691,56985.32551,0
1007034027621,18.937,0.183,94.29465,-7.79723,56985.33009,0
1007034027621,19.122,0.201,94.29468,-7.79719,57042.26542,0
1007034027621,18.996,0.190,94.29448,-7.79699,57042.27042,0
1007034027621,18.965,0.188,94.29445,-7.79706,57042.27542,0
1007034027621,18.985,0.189,94.29447,-7.79715,57042.28042,0
1007034027621,19.273,0.223,94.29455,-7.79708,57390.28308,0
1007034027621,19.279,0.223,94.29461,-7.79731,57390.28811,0
1007034027621,19.577,0.260,94.29459,-7.79736,57390.29314,0
1007034027621,19.210,0.217,94.29472,-7.79729,57390.29817,0
1007034027630,16.634,0.081,94.27538,-7.80450,56657.30225,0
1007034027630,16.610,0.081,94.27543,-7.80450,56657.31245,0
1007034027630,16.574,0.080,94.27536,-7.80449,56657.32266,0
1007034027630,16.599,0.081,94.27539,-7.80453,56657.33285,0
1007034027630,16.601,0.079,94.27541,-7.80450,56985.31636,0
1007034027630,16.672,0.080,94.27540,-7.80450,56985.32093,0
1007034027630,16.585,0.079,94.27539,-7.80449,56985.32551,0
1007034027630,16.683,0.080,94.27541,-7.80445,56985.33009,0
1007034027630,16.611,0.079,94.27537,-7.80447,57042.26542,0
1007034027630,16.649,0.080,94.27541,-7.80447,57042.27042,0
1007034027630,16.637,0.080,94.27539,-7.80452,57042.27542,0
1007034027630,16.641,0.080,94.27544,-7.80449,57042.28042,0
1007034027630,16.605,0.080,94.27532,-7.80447,57390.28308,0
1007034027630,16.643,0.081,94.27537,-7.80443,57390.28811,0
1007034027630,16.645,0.081,94.27536,-7.80450,57390.29314,0
1007034027630,16.590,0.080,94.27542,-7.80449,57390.29817,0
1007034027661,18.693,0.170,94.27046,-7.80049,56657.30225,0
1007034027661,18.672,0.169,94.27043,-7.80046,56657.31245,0
1007034027661,18.804,0.180,94.27038,-7.80048,56657.32266,0
1007034027661,18.595,0.163,94.27016,-7.80036,56657.33285,0
1007034027661,18.645,0.161,94.27065,-7.80067,56985.31636,0
1007034027661,18.675,0.163,94.27042,-7.80030,56985.32093,0
1007034027661,18.714,0.165,94.27019,-7.80036,56985.32551,0
1007034027661,18.958,0.185,94.27036,-7.80071,56985.33009,0
1007034027661,18.494,0.151,94.27031,-7.80059,57042.26542,0
1007034027661,18.897,0.182,94.27036,-7.80055,57042.27042,0
1007034027661,17.829,0.116,94.27024,-7.80041,57042.27542,0
1007034027661,18.526,0.153,94.27035,-7.80029,57042.28042,0
1007034027661,18.806,0.178,94.27052,-7.80053,57390.28308,0
1007034027661,18.716,0.170,94.27030,-7.80064,57390.28811,0
1007034027661,18.928,0.188,94.27043,-7.80067,57390.29314,0
1007034027661,18.481,0.154,94.27048,-7.80048,57390.29817,0
1007034027709,19.395,0.239,94.33206,-7.79581,56657.30225,0
1007034027709,19.172,0.214,94.33237,-7.79593,56657.31245,0
1007034027709,19.075,0.204,94.33173,-7.79583,56657.32266,0
1007034027709,19.075,0.205,94.33219,-7.79576,56657.33285,0
1007034027709,19.125,0.201,94.33231,-7.79606,56985.31636,0
1007034027709,19.559,0.249,94.33199,-7.79572,56985.32093,0
1007034027709,18.925,0.182,94.33224,-7.79586,56985.32551,0
1007034027709,19.585,0.252,94.33193,-7.79587,56985.33009,0
1007034027709,19.270,0.217,94.33203,-7.79581,57042.26542,0
1007034027709,19.486,0.242,94.33210,-7.79597,57042.27042,0
1007034027709,19.041,0.195,94.33212,-7.79578,57042.27542,0
1007034027709,19.407,0.233,94.33203,-7.79565,57042.28042,0
1007034027709,18.809,0.178,94.33218,-7.79575,57390.28308,0
1007034027709,19.295,0.225,94.33219,-7.79576,57390.28811,0
1007034027709,19.259,0.221,94.33219,-7.79605,57390.29314,0
1007034027709,19.145,0.210,94.33228,-7.79584,57390.29817,0
1007034027747,17.995,0.126,94.33701,-7.79687,56657.30225,0
1007034027747,18.202,0.138,94.33711,-7.79687,56657.31245,0
1007034027747,18.174,0.136,94.33703,-7.79691,56657.32266,0
1007034027747,18.142,0.134,94.33709,-7.79687,56657.33285,0
1007034027747,18.466,0.149,94.33713,-7.79698,56985.31636,0
1007034027747,18.117,0.128,94.33710,-7.79682,56985.32093,0
1007034027747,18.315,0.139,94.33690,-7.79701,56985.32551,0
1007034027747,18.201,0.133,94.33705,-7.79676,56985.33009,0
1007034027747,18.097,0.128,94.33706,-7.79692,57042.26542,0
1007034027747,18.109,0.129,94.33707,-7.79694,57042.27042,0
1007034027747,18.208,0.134,94.33699,-7.79683,57042.27542,0
1007034027747,18.279,0.138,94.33697,-7.79697,57042.28042,0
1007034027747,18.172,0.135,94.33712,-7.79702,57390.28308,0
1007034027747,18.134,0.132,94.33705,-7.79717,57390.28811,0
1007034027747,18.209,0.137,94.33705,-7.79688,57390.29314,0
1007034027747,18.067,0.129,94.33705,-7.79706,57390.29817,0
1007034027811,16.944,0.088,94.26632,-7.79887,56657.30225,0
1007034027811,16.897,0.087,94.26624,-7.79903,56657.31245,0
1007034027811,16.951,0.089,94.26635,-7.79894,56657.32266,0
1007034027811,16.917,0.088,94.26625,-7.79896,56657.33285,0
1007034027811,16.949,0.087,94.26626,-7.79903,56985.31636,0
1007034027811,16.933,0.086,94.26628,-7.79900,56985.32093,0
1007034027811,17.000,0.088,94.26625,-7.79894,56985.32551,0
1007034027811,16.945,0.086,94.26626,-7.79892,56985.33009,0
1007034027811,16.901,0.086,94.26628,-7.79899,57042.26542,0
1007034027811,16.909,0.086,94.26623,-7.79899,57042.27042,0
1007034027811,16.995,0.088,94.26625,-7.79897,57042.28042,0
1007034027811,16.997,0.089,94.26622,-7.79917,57390.28308,0
1007034027811,16.913,0.087,94.26615,-7.79917,57390.28811,0
1007034027811,16.968,0.088,94.26629,-7.79921,57390.29314,0
1007034027811,16.913,0.087,94.26625,-7.79925,57390.29817,0
1007034027814,17.581,0.108,94.32184,-7.79749,56657.30225,0
1007034027814,17.730,0.114,94.32181,-7.79744,56657.31245,0
1007034027814,17.607,0.109,94.32178,-7.79745,56657.32266,0
1007034027814,17.681,0.112,94.32184,-7.79751,56657.33285,0
1007034027814,17.603,0.106,94.32180,-7.79746,56985.31636,0
1007034027814,17.679,0.109,94.32190,-7.79750,56985.32093,0
1007034027814,17.603,0.106,94.32191,-7.79756,56985.32551,0
1007034027814,17.618,0.106,94.32184,-7.79734,56985.33009,0
1007034027814,17.637,0.108,94.32180,-7.79749,57042.26542,0
1007034027814,17.581,0.106,94.32183,-7.79747,57042.27042,0
1007034027814,17.590,0.106,94.32177,-7.79751,57042.27542,0
1007034027814,17.763,0.113,94.32173,-7.79751,57042.28042,0
1007034027814,17.602,0.108,94.32175,-7.79754,57390.28308,0
1007034027814,17.700,0.112,94.32182,-7.79756,57390.28811,0
1007034027814,17.652,0.110,94.32179,-7.79757,57390.29314,0
1007034027814,17.727,0.114,94.32177,-7.79770,57390.29817,0
1007034027834,18.664,0.168,94.29616,-7.79353,56657.30225,0
1007034027834,19.076,0.204,94.29650,-7.79340,56657.31245,0
1007034027834,18.538,0.159,94.29642,-7.79351,56657.32266,0
1007034027834,18.793,0.179,94.29645,-7.79310,56657.33285,0
1007034027834,18.706,0.165,94.29638,-7.79330,56985.31636,0
1007034027834,18.860,0.177,94.29647,-7.79348,56985.32093,0
1007034027834,18.602,0.157,94.29616,-7.79340,56985.32551,0
1007034027834,18.901,0.180,94.29617,-7.79360,56985.33009,0
1007034027834,18.613,0.159,94.29631,-7.79340,57042.26542,0
1007034027834,18.835,0.176,94.29622,-7.79342,57042.27042,0
1007034027834,18.347,0.142,94.29608,-7.79356,57042.27542,0
1007034027834,18.367,0.143,94.29642,-7.79348,57042.28042,0
1007034027834,18.970,0.192,94.29629,-7.79361,57390.28308,0
1007034027834,18.690,0.168,94.29622,-7.79350,57390.28811,0
1007034027834,18.766,0.174,94.29594,-7.79372,57390.29314,0
1007034027834,18.607,0.163,94.29623,-7.79341,57390.29817,0
1007034027847,18.570,0.161,94.27013,-7.79463,56657.30225,0
1007034027847,18.695,0.171,94.26994,-7.79466,56657.31245,0
1007034027847,19.047,0.202,94.27005,-7.79474,56657.32266,0
1007034027847,18.905,0.188,94.27004,-7.79468,56657.33285,0
1007034027847,19.378,0.228,94.27002,-7.79500,56985.31636,0
1007034027847,18.658,0.161,94.27017,-7.79478,56985.32093,0
1007034027847,18.508,0.151,94.27004,-7.79464,56985.32551,0
1007034027847,18.798,0.172,94.27015,-7.79459,56985.33009,0
1007034027847,18.582,0.157,94.26994,-7.79451,57042.26542,0
1007034027847,18.821,0.175,94.27000,-7.79473,57042.27042,0
1007034027847,18.672,0.164,94.27000,-7.79458,57042.27542,0
1007034027847,18.887,0.181,94.26998,-7.79473,57042.28042,0
1007034027847,18.787,0.176,94.26988,-7.79469,57390.28308,0
1007034027847,18.888,0.185,94.26998,-7.79482,57390.28811,0
1007034027847,18.762,0.174,94.26992,-7.79464,57390.29314,0
1007034027847,18.817,0.179,94.27039,-7.79489,57390.29817,0
1007034027882,14.918,0.060,94.27631,-7.81715,56657.32266,0
1007034027882,14.935,0.060,94.27627,-7.81712,56657.33285,0
1007034027882,14.996,0.060,94.27630,-7.81709,56985.31636,0
1007034027882,14.948,0.059,94.27627,-7.81711,56985.32551,0
1007034027882,15.066,0.060,94.27631,-7.81711,56985.33009,0
1007034027882,15.186,0.061,94.27594,-7.81678,57042.26542,0
1007034027882,14.945,0.059,94.27631,-7.81711,57042.27042,0
1007034027882,15.201,0.061,94.27597,-7.81678,57042.27542,0
1007034027882,15.021,0.060,94.27628,-7.81708,57042.28042,0
1007034027882,15.087,0.061,94.27629,-7.81702,57390.28811,0
1007034027882,14.980,0.060,94.27627,-7.81712,57390.29314,0
1007034027898,18.488,0.155,94.27441,-7.79159,56657.30225,0
1007034027898,18.603,0.164,94.27439,-7.79163,56657.31245,0
1007034027898,18.483,0.155,94.27441,-7.79147,56657.32266,0
1007034027898,18.583,0.162,94.27436,-7.79157,56657.33285,0
1007034027898,18.516,0.152,94.27450,-7.79139,56985.31636,0
1007034027898,18.458,0.148,94.27445,-7.79176,56985.32093,0
1007034027898,18.523,0.152,94.27455,-7.79147,56985.32551,0
1007034027898,18.426,0.146,94.27446,-7.79161,56985.33009,0
1007034027898,18.541,0.154,94.27447,-7.79159,57042.26542,0
1007034027898,18.478,0.150,94.27447,-7.79164,57042.27042,0
1007034027898,18.508,0.153,94.27438,-7.79161,57042.27542,0
1007034027898,18.547,0.155,94.27447,-7.79149,57042.28042,0
1007034027898,18.774,0.175,94.27437,-7.79186,57390.28308,0
1007034027898,18.580,0.160,94.27446,-7.79173,57390.28811,0
1007034027898,18.578,0.160,94.27449,-7.79187,57390.29314,0
1007034027898,18.451,0.152,94.27454,-7.79169,57390.29817,0
1007034027950,18.823,0.181,94.32175,-7.79024,56657.30225,0
1007034027950,18.633,0.166,94.32165,-7.79012,56657.31245,0
1007034027950,18.905,0.188,94.32174,-7.78998,56657.32266,0
1007034027950,18.675,0.169,94.32162,-7.79004,56657.33285,0
1007034027950,18.940,0.184,94.32158,-7.79023,56985.31636,0
1007034027950,19.248,0.213,94.32164,-7.79042,56985.32093,0
1007034027950,18.914,0.181,94.32192,-7.79006,56985.32551,0
1007034027950,18.802,0.172,94.32166,-7.79021,56985.33009,0
1007034027950,18.716,0.166,94.32171,-7.79010,57042.26542,0
1007034027950,18.893,0.181,94.32182,-7.79012,57042.27042,0
1007034027950,18.671,0.164,94.32172,-7.79013,57042.27542,0
1007034027950,18.628,0.161,94.32183,-7.79021,57042.28042,0
1007034027950,18.586,0.161,94.32163,-7.79009,57390.28308,0
1007034027950,18.576,0.160,94.32169,-7.79021,57390.28811,0
1007034027950,18.959,0.191,94.32167,-7.79037,57390.29314,0
1007034027950,18.916,0.188,94.32177,-7.79011,57390.29817,0
1007034028021,17.845,0.119,94.29146,-7.79260,56657.30225,0
1007034028021,17.847,0.119,94.29156,-7.79249,56657.31245,0
1007034028021,17.887,0.121,94.29149,-7.79250,56657.32266,0
1007034028021,17.803,0.118,94.29153,-7.79265,56657.33285,0
1007034028021,17.814,0.114,94.29155,-7.79248,56985.31636,0
1007034028021,17.898,0.118,94.29168,-7.79256,56985.32093,0
1007034028021,17.839,0.115,94.29175,-7.79255,56985.32551,0
1007034028021,17.759,0.112,94.29170,-7.79255,56985.33009,0
1007034028021,17.837,0.116,94.29162,-7.79254,57042.26542,0
1007034028021,17.726,0.111,94.29151,-7.79256,57042.27042,0
1007034028021,17.827,0.116,94.29149,-7.79250,57042.27542,0
1007034028021,17.739,0.112,94.29157,-7.79255,57042.28042,0
1007034028021,17.805,0.117,94.29155,-7.79261,57390.28308,0
1007034028021,17.803,0.116,94.29149,-7.79254,57390.28811,0
1007034028021,17.897,0.121,94.29150,-7.79262,57390.29314,0
1007034028021,17.926,0.122,94.29156,-7.79264,57390.29817,0
1007034028062,19.817,0.286,94.31400,-7.79071,56985.31636,0
1007034028062,19.181,0.206,94.31462,-7.79053,56985.32093,0
1007034028062,19.301,0.220,94.31447,-7.79066,57042.26542,0
1007034028062,19.375,0.229,94.31454,-7.79098,57042.27042,0
1007034028062,19.245,0.216,94.31356,-7.79027,57042.27542,0
1007034028062,19.657,0.265,94.31281,-7.78907,57042.28042,0
1007034028062,19.293,0.225,94.31377,-7.79102,57390.28811,0
1007034028082,14.703,0.058,94.26196,-7.79934,56657.30225,0
1007034028082,14.703,0.058,94.26193,-7.79937,56657.31245,0
1007034028082,14.695,0.058,94.26193,-7.79935,56657.32266,0
1007034028082,14.719,0.058,94.26195,-7.79935,56657.33285,0
1007034028082,14.702,0.058,94.26195,-7.79934,56985.31636,0
1007034028082,14.716,0.058,94.26196,-7.79937,56985.32093,0
1007034028082,14.724,0.058,94.26197,-7.79933,56985.33009,0
1007034028082,14.726,0.058,94.26195,-7.79934,57042.26542,0
1007034028082,14.728,0.058,94.26194,-7.79938,57042.27042,0
1007034028082,12.910,0.052,94.26190,-7.79937,57042.27542,0
1007034028082,14.745,0.058,94.26195,-7.79935,57042.28042,0
1007034028082,14.727,0.058,94.26195,-7.79935,57390.28308,0
1007034028082,14.724,0.058,94.26194,-7.79934,57390.28811,0
1007034028082,14.716,0.058,94.26193,-7.79939,57390.29314,0
1007034028082,14.708,0.058,94.26194,-7.79935,57390.29817,0
1007034028096,19.113,0.208,94.29153,-7.78814,56657.30225,0
1007034028096,19.297,0.228,94.29127,-7.78786,56657.31245,0
1007034028096,18.422,0.151,94.29140,-7.78771,56657.32266,0
1007034028096,18.873,0.186,94.29137,-7.78764,56657.33285,0
1007034028096,18.921,0.182,94.29161,-7.78804,56985.31636,0
1007034028096,19.699,0.268,94.29147,-7.78822,56985.32093,0
1007034028096,19.059,0.194,94.29160,-7.78770,56985.32551,0
1007034028096,19.042,0.193,94.29169,-7.78805,56985.33009,0
1007034028096,18.905,0.182,94.29150,-7.78780,57042.26542,0
1007034028096,18.951,0.186,94.29137,-7.78774,57042.27042,0
1007034028096,19.101,0.201,94.29150,-7.78791,57042.27542,0
1007034028096,19.132,0.203,94.29163,-7.78774,57042.28042,0
1007034028096,19.330,0.229,94.29139,-7.78809,57390.28308,0
1007034028096,19.173,0.212,94.29155,-7.78817,57390.28811,0
1007034028096,19.359,0.233,94.29131,-7.78819,57390.29314,0
1007034028096,19.043,0.200,94.29122,-7.78796,57390.29817,0
1007034028117,19.795,0.296,94.26590,-7.78323,56657.32266,0
1007034028229,19.454,0.247,94.33993,-7.78399,56657.30225,0
1007034028229,18.714,0.172,94.34010,-7.78390,56657.31245,0
1007034028229,19.613,0.269,94.33984,-7.78392,56657.32266,0
1007034028229,19.087,0.206,94.33987,-7.78426,56657.33285,0
1007034028229,19.355,0.225,94.33945,-7.78425,56985.31636,0
1007034028229,19.578,0.253,94.33992,-7.78410,57042.26542,0
1007034028229,19.591,0.256,94.33978,-7.78421,57042.27042,0
1007034028229,19.084,0.199,94.33988,-7.78421,57042.27542,0
1007034028229,19.401,0.232,94.33982,-7.78439,57042.28042,0
1007034028229,19.327,0.229,94.33994,-7.78405,57390.28811,0
1007034028229,19.746,0.286,94.33971,-7.78427,57390.29817,0
1007034028233,20.072,0.344,94.33901,-7.78032,56657.31245,0
1007034028233,19.631,0.271,94.33927,-7.78058,56657.32266,0
1007034028233,19.586,0.256,94.33878,-7.78059,57042.28042,0
1007034028252,19.541,0.258,94.28561,-7.78328,56657.30225,0
1007034028252,19.001,0.197,94.28547,-7.78332,56657.31245,0
1007034028252,19.579,0.264,94.28573,-7.78323,56657.32266,0
1007034028252,19.528,0.257,94.28541,-7.78319,56657.33285,0
1007034028252,19.283,0.217,94.28550,-7.78337,56985.32093,0
1007034028252,19.236,0.212,94.28525,-7.78331,56985.33009,0
1007034028252,19.336,0.224,94.28529,-7.78320,57042.26542,0
1007034028252,19.230,0.213,94.28541,-7.78306,57042.27042,0
1007034028252,19.321,0.224,94.28544,-7.78304,57042.27542,0
1007034028252,19.435,0.236,94.28553,-7.78332,57042.28042,0
1007034028252,19.827,0.297,94.28526,-7.78340,57390.28308,0
1007034028252,19.444,0.243,94.28553,-7.78343,57390.28811,0
1007034028252,19.469,0.246,94.28547,-7.78380,57390.29314,0
1007034028252,19.433,0.243,94.28534,-7.78323,57390.29817,0
1007034028306,18.753,0.175,94.32539,-7.78254,56657.30225,0
1007034028306,18.833,0.182,94.32513,-7.78273,56657.31245,0
1007034028306,19.016,0.199,94.32528,-7.78264,56657.32266,0
1007034028306,18.865,0.185,94.32508,-7.78271,56657.33285,0
1007034028306,18.745,0.168,94.32543,-7.78241,56985.31636,0
1007034028306,18.756,0.169,94.32524,-7.78259,56985.32093,0
1007034028306,18.994,0.188,94.32541,-7.78268,56985.32551,0
1007034028306,18.718,0.166,94.32529,-7.78258,56985.33009,0
1007034028306,18.699,0.165,94.32540,-7.78254,57042.26542,0
1007034028306,18.422,0.147,94.32524,-7.78279,57042.27042,0
1007034028306,18.634,0.161,94.32512,-7.78264,57042.27542,0
1007034028306,18.786,0.173,94.32517,-7.78244,57042.28042,0
1007034028306,18.536,0.157,94.32539,-7.78268,57390.28308,0
1007034028306,18.543,0.158,94.32512,-7.78277,57390.28811,0
1007034028306,18.770,0.175,94.32524,-7.78281,57390.29314,0
1007034028306,18.810,0.179,94.32510,-7.78282,57390.29817,0
1007034028346,18.889,0.187,94.29044,-7.78301,56657.30225,0
1007034028346,18.443,0.152,94.29086,-7.78330,56657.31245,0
1007034028346,18.523,0.158,94.29058,-7.78311,56657.32266,0
1007034028346,18.680,0.170,94.29054,-7.78298,56657.33285,0
1007034028346,18.496,0.151,94.29049,-7.78288,56985.31636,0
1007034028346,18.571,0.155,94.29050,-7.78313,56985.32093,0
1007034028346,18.615,0.158,94.29060,-7.78296,56985.32551,0
1007034028346,18.613,0.158,94.29043,-7.78315,56985.33009,0
1007034028346,18.733,0.168,94.29055,-7.78311,57042.26542,0
1007034028346,18.695,0.165,94.29041,-7.78318,57042.27042,0
1007034028346,18.510,0.153,94.29056,-7.78304,57042.27542,0
1007034028346,18.586,0.158,94.29070,-7.78301,57042.28042,0
1007034028346,19.028,0.197,94.29037,-7.78322,57390.28308,0
1007034028346,18.874,0.183,94.29051,-7.78332,57390.28811,0
1007034028346,18.775,0.175,94.29039,-7.78320,57390.29314,0
1007034028346,18.649,0.166,94.29043,-7.78304,57390.29817,0
1007034028385,19.164,0.213,94.32763,-7.78070,56657.30225,0
1007034028385,19.024,0.199,94.32745,-7.78062,56657.31245,0
1007034028385,18.666,0.168,94.32752,-7.78045,56657.32266,0
1007034028385,19.014,0.199,94.32744,-7.78060,56657.33285,0
1007034028385,18.797,0.172,94.32739,-7.78071,56985.31636,0
1007034028385,18.794,0.172,94.32711,-7.78093,56985.32093,0
1007034028385,19.034,0.192,94.32742,-7.78033,56985.32551,0
1007034028385,18.524,0.152,94.32755,-7.78046,56985.33009,0
1007034028385,18.966,0.187,94.32747,-7.78061,57042.26542,0
1007034028385,18.987,0.189,94.32737,-7.78067,57042.27042,0
1007034028385,19.004,0.192,94.32730,-7.78069,57042.27542,0
1007034028385,18.944,0.186,94.32750,-7.78076,57042.28042,0
1007034028385,18.863,0.182,94.32746,-7.78075,57390.28308,0
1007034028385,18.977,0.193,94.32739,-7.78058,57390.28811,0
1007034028385,19.220,0.217,94.32754,-7.78080,57390.29314,0
1007034028385,18.862,0.183,94.32738,-7.78085,57390.29817,0
1007034028443,19.451,0.246,94.28622,-7.77713,56657.30225,0
1007034028443,19.426,0.243,94.28615,-7.77725,56657.31245,0
1007034028443,19.196,0.217,94.28608,-7.77725,56657.32266,0
1007034028443,19.282,0.227,94.28606,-7.77719,56657.33285,0
1007034028443,19.728,0.273,94.28625,-7.77692,56985.31636,0
1007034028443,19.073,0.196,94.28601,-7.77696,56985.32093,0
1007034028443,18.746,0.168,94.28642,-7.77739,56985.33009,0
1007034028443,19.143,0.203,94.28634,-7.77712,57042.26542,0
1007034028443,19.438,0.237,94.28612,-7.77694,57042.27042,0
1007034028443,19.036,0.195,94.28629,-7.77719,57042.27542,0
1007034028443,19.617,0.260,94.28620,-7.77721,57042.28042,0
1007034028443,20.096,0.344,94.28642,-7.77721,57390.28308,0
1007034028443,19.610,0.265,94.28648,-7.77699,57390.28811,0
1007034028443,19.447,0.243,94.28637,-7.77754,57390.29314,0
1007034028443,19.062,0.201,94.28650,-7.77745,57390.29817,0
1007034028519,15.765,0.067,94.33561,-7.78438,56657.30225,0
1007034028519,15.766,0.067,94.33561,-7.78437,56657.31245,0
1007034028519,15.750,0.067,94.33558,-7.78439,56657.32266,0
1007034028519,15.733,0.067,94.33565,-7.78438,56657.33285,0
1007034028519,15.746,0.066,94.33560,-7.78438,56985.31636,0
1007034028519,15.748,0.066,94.33562,-7.78437,56985.32093,0
1007034028519,15.752,0.066,94.33563,-7.78433,56985.32551,0
1007034028519,15.765,0.066,94.33563,-7.78437,56985.33009,0
1007034028519,15.766,0.067,94.33564,-7.78438,57042.26542,0
1007034028519,15.739,0.066,94.33560,-7.78438,57042.27042,0
1007034028519,15.776,0.067,94.33560,-7.78437,57042.27542,0
1007034028519,15.769,0.067,94.33561,-7.78437,57042.28042,0
1007034028519,15.730,0.067,94.33566,-7.78433,57390.28308,0
1007034028519,15.767,0.067,94.33558,-7.78437,57390.28811,0
1007034028519,15.738,0.067,94.33570,-7.78435,57390.29314,0
1007034028519,15.765,0.067,94.33556,-7.78437,57390.29817,0
1007034028554,18.783,0.177,94.34005,-7.77664,56657.30225,0
1007034028554,19.007,0.198,94.34006,-7.77658,56657.31245,0
1007034028554,19.000,0.197,94.34017,-7.77652,56657.32266,0
1007034028554,18.901,0.188,94.34010,-7.77670,56657.33285,0
1007034028554,19.360,0.226,94.34012,-7.77660,56985.31636,0
1007034028554,19.023,0.191,94.34027,-7.77673,56985.32093,0
1007034028554,19.391,0.229,94.34018,-7.77682,56985.32551,0
1007034028554,18.915,0.181,94.34020,-7.77671,56985.33009,0
1007034028554,18.991,0.189,94.34016,-7.77677,57042.26542,0
1007034028554,19.038,0.194,94.34009,-7.77654,57042.27042,0
1007034028554,19.194,0.210,94.34006,-7.77656,57042.27542,0
1007034028554,18.905,0.182,94.34001,-7.77666,57042.28042,0
1007034028554,19.274,0.223,94.34012,-7.77679,57390.28308,0
1007034028554,19.133,0.208,94.34000,-7.77673,57390.28811,0
1007034028554,19.365,0.233,94.34019,-7.77678,57390.29314,0
1007034028554,18.998,0.195,94.34016,-7.77684,57390.29817,0
1007034028595,19.905,0.313,94.25676,-7.77622,56657.30225,0
1007034028595,19.662,0.275,94.25700,-7.77581,56657.31245,0
1007034028595,19.754,0.289,94.25711,-7.77579,56657.32266,0
1007034028595,19.627,0.271,94.25720,-7.77594,56657.33285,0
1007034028595,19.815,0.285,94.25693,-7.77587,56985.32093,0
1007034028595,19.380,0.229,94.25717,-7.77603,57042.26542,0
1007034028595,19.636,0.262,94.25713,-7.77579,57042.27042,0
1007034028595,19.518,0.247,94.25731,-7.77591,57042.27542,0
1007034028595,19.467,0.240,94.25701,-7.77594,57042.28042,0
1007034028595,19.652,0.271,94.25801,-7.77618,57390.28308,0
1007034028595,19.454,0.244,94.25733,-7.77635,57390.28811,0
1007034028595,19.992,0.326,94.25682,-7.77605,57390.29817,0
1007034028670,19.943,0.320,94.26374,-7.77278,56657.30225,0
1007034028670,19.435,0.245,94.26374,-7.77263,56657.31245,0
1007034028670,19.571,0.263,94.26375,-7.77270,56657.32266,0
1007034028670,19.599,0.267,94.26393,-7.77314,56657.33285,0
1007034028670,19.201,0.209,94.26370,-7.77273,56985.31636,0
1007034028670,19.599,0.254,94.26377,-7.77277,56985.33009,0
1007034028670,19.871,0.296,94.26387,-7.77285,57042.26542,0
1007034028670,19.426,0.235,94.26381,-7.77278,57042.27042,0
1007034028670,19.851,0.295,94.26378,-7.77307,57042.27542,0
1007034028670,19.218,0.212,94.26368,-7.77275,57042.28042,0
1007034028670,19.590,0.262,94.26413,-7.77282,57390.28308,0
1007034028670,19.958,0.320,94.26382,-7.77322,57390.29817,0
1007034028794,18.572,0.161,94.30701,-7.77356,56657.30225,0
1007034028794,18.778,0.177,94.30745,-7.77328,56657.31245,0
1007034028794,18.737,0.174,94.30724,-7.77332,56657.32266,0
1007034028794,18.626,0.166,94.30726,-7.77348,56657.33285,0
1007034028794,19.065,0.195,94.30730,-7.77336,56985.31636,0
1007034028794,18.457,0.148,94.30690,-7.77378,56985.32093,0
1007034028794,18.565,0.155,94.30748,-7.77347,56985.33009,0
1007034028794,19.018,0.191,94.30728,-7.77340,57042.26542,0
1007034028794,18.738,0.169,94.30700,-7.77380,57042.27042,0
1007034028794,18.686,0.165,94.30726,-7.77348,57042.27542,0
1007034028794,18.886,0.181,94.30701,-7.77342,57042.28042,0
1007034028794,19.316,0.228,94.30728,-7.77365,57390.28308,0
1007034028794,18.972,0.192,94.30755,-7.77358,57390.28811,0
1007034028794,19.645,0.270,94.30756,-7.77375,57390.29314,0
1007034028794,19.331,0.230,94.30747,-7.77343,57390.29817,0
1007034028821,19.315,0.230,94.31605,-7.77065,56657.30225,0
1007034028821,19.195,0.217,94.31641,-7.77050,56657.32266,0
1007034028821,19.830,0.302,94.31643,-7.77063,56657.33285,0
1007034028821,19.585,0.252,94.31642,-7.77091,56985.33009,0
1007034028821,19.534,0.248,94.31638,-7.77048,57042.26542,0
1007034028821,19.480,0.242,94.31639,-7.77047,57042.27042,0
1007034028821,19.130,0.204,94.31595,-7.77106,57042.27542,0
1007034028821,19.860,0.295,94.31678,-7.77090,57042.28042,0
1007034028821,19.824,0.297,94.31644,-7.77076,57390.29314,0
1007034028821,20.748,0.500,94.31679,-7.77085,57390.29817,0
1007034028868,17.527,0.106,94.32037,-7.77351,56657.30225,0
1007034028868,17.501,0.105,94.32038,-7.77346,56657.31245,0
1007034028868,17.514,0.106,94.32034,-7.77359,56657.32266,0
1007034028868,17.469,0.104,94.32038,-7.77353,56657.33285,0
1007034028868,17.595,0.106,94.32026,-7.77363,56985.31636,0
1007034028868,17.533,0.104,94.32044,-7.77355,56985.32093,0
1007034028868,17.512,0.103,94.32028,-7.77362,56985.32551,0
1007034028868,17.369,0.098,94.32041,-7.77360,56985.33009,0
1007034028868,17.519,0.103,94.32047,-7.77360,57042.26542,0
1007034028868,17.541,0.104,94.32035,-7.77367,57042.27042,0
1007034028868,17.419,0.100,94.32035,-7.77361,57042.27542,0
1007034028868,17.549,0.105,94.32034,-7.77359,57042.28042,0
1007034028868,17.510,0.105,94.32040,-7.77360,57390.28308,0
1007034028868,17.434,0.102,94.32043,-7.77358,57390.28811,0
1007034028868,17.577,0.107,94.32037,-7.77363,57390.29314,0
1007034028868,17.551,0.107,94.32033,-7.77363,57390.29817,0
1007034028891,18.745,0.174,94.27655,-7.76777,56657.30225,0
1007034028891,19.040,0.201,94.27678,-7.76774,56657.31245,0
1007034028891,18.962,0.193,94.27658,-7.76781,56657.32266,0
1007034028891,19.083,0.205,94.27652,-7.76775,56657.33285,0
1007034028891,18.858,0.177,94.27648,-7.76745,56985.31636,0
1007034028891,19.283,0.217,94.27659,-7.76771,56985.32093,0
1007034028891,18.931,0.183,94.27656,-7.76788,56985.32551,0
1007034028891,18.809,0.173,94.27682,-7.76767,56985.33009,0
1007034028891,19.059,0.195,94.27655,-7.76783,57042.26542,0
1007034028891,19.073,0.197,94.27667,-7.76776,57042.27042,0
1007034028891,18.980,0.189,94.27670,-7.76766,57042.27542,0
1007034028891,19.019,0.192,94.27683,-7.76761,57042.28042,0
1007034028891,19.130,0.207,94.27686,-7.76789,57390.28308,0
1007034028891,19.328,0.229,94.27661,-7.76789,57390.28811,0
1007034028891,19.082,0.203,94.27657,-7.76784,57390.29314,0
1007034028891,19.012,0.197,94.27646,-7.76764,57390.29817,0
1007034029016,14.601,0.058,94.27680,-7.82498,56657.30225,0
1007034029016,14.579,0.058,94.27681,-7.82503,56657.31245,0
1007034029016,14.290,0.056,94.27681,-7.82498,56657.32266,0
1007034029016,14.299,0.056,94.27684,-7.82498,56657.33285,0
1007034029016,14.265,0.056,94.27678,-7.82501,56985.31636,0
1007034029016,14.763,0.058,94.27683,-7.82502,56985.32093,0
1007034029016,14.598,0.057,94.27681,-7.82504,56985.32551,0
1007034029016,14.715,0.058,94.27680,-7.82499,56985.33009,0
1007034029016,14.368,0.056,94.27678,-7.82501,57042.26542,0
1007034029016,14.619,0.057,94.27680,-7.82503,57042.27042,0
1007034029016,14.735,0.058,94.27680,-7.82500,57042.27542,0
1007034029016,14.748,0.058,94.27683,-7.82497,57042.28042,0
1007034029016,14.708,0.058,94.27676,-7.82500,57390.28308,0
1007034029016,14.801,0.059,94.27678,-7.82500,57390.28811,0
1007034029016,14.742,0.058,94.27676,-7.82501,57390.29314,0
1007034029016,14.640,0.058,94.27677,-7.82503,57390.29817,0
1007034029088,13.275,0.053,94.26644,-7.81743,56985.32551,0
1007034029214,18.748,0.175,94.29427,-7.75999,56657.30225,0
1007034029214,19.169,0.214,94.29437,-7.75980,56657.31245,0
1007034029214,19.247,0.223,94.29434,-7.75997,56657.32266,0
1007034029214,19.163,0.214,94.29443,-7.75987,56657.33285,0
1007034029214,19.491,0.241,94.29456,-7.75988,56985.31636,0
1007034029214,19.186,0.207,94.29439,-7.76007,56985.32093,0
1007034029214,19.583,0.252,94.29424,-7.76007,56985.33009,0
1007034029214,19.400,0.231,94.29437,-7.75992,57042.26542,0
1007034029214,19.347,0.226,94.29434,-7.76001,57042.27042,0
1007034029214,19.137,0.204,94.29439,-7.76011,57042.27542,0
1007034029214,19.236,0.214,94.29425,-7.75993,57042.28042,0
1007034029214,19.260,0.221,94.29426,-7.76021,57390.28308,0
1007034029214,18.884,0.184,94.29481,-7.76032,57390.28811,0
1007034029214,19.178,0.212,94.29465,-7.76024,57390.29314,0
1007034029214,19.164,0.212,94.29421,-7.76027,57390.29817,0
1007034029256,17.693,0.113,94.32038,-7.76650,56657.30225,0
1007034029256,17.455,0.104,94.32034,-7.76636,56657.31245,0
1007034029256,17.581,0.108,94.32039,-7.76651,56657.32266,0
1007034029256,17.596,0.109,94.32043,-7.76649,56657.33285,0
1007034029256,17.619,0.107,94.32038,-7.76657,56985.31636,0
1007034029256,17.491,0.102,94.32040,-7.76643,56985.32093,0
1007034029256,17.649,0.108,94.32040,-7.76659,56985.32551,0
1007034029256,17.509,0.103,94.32041,-7.76642,56985.33009,0
1007034029256,17.721,0.111,94.32041,-7.76649,57042.26542,0
1007034029256,17.558,0.105,94.32044,-7.76646,57042.27042,0
1007034029256,17.667,0.109,94.32041,-7.76648,57042.27542,0
1007034029256,17.736,0.112,94.32039,-7.76645,57042.28042,0
1007034029256,17.794,0.116,94.32041,-7.76667,57390.28308,0
1007034029256,17.757,0.115,94.32043,-7.76652,57390.28811,0
1007034029256,17.698,0.112,94.32047,-7.76661,57390.29314,0
1007034029256,17.747,0.114,94.32031,-7.76665,57390.29817,0
1007034029261,18.591,0.163,94.31953,-7.76104,56657.30225,0
1007034029261,18.859,0.184,94.31927,-7.76096,56657.31245,0
1007034029261,18.996,0.197,94.31943,-7.76093,56657.32266,0
1007034029261,18.511,0.157,94.31960,-7.76103,56657.33285,0
1007034029261,18.755,0.169,94.31952,-7.76108,56985.31636,0
1007034029261,18.747,0.168,94.31952,-7.76088,56985.32093,0
1007034029261,19.371,0.226,94.31980,-7.76079,56985.32551,0
1007034029261,19.395,0.229,94.31959,-7.76102,56985.33009,0
1007034029261,18.948,0.185,94.31969,-7.76102,57042.26542,0
1007034029261,19.032,0.194,94.31939,-7.76085,57042.27042,0
1007034029261,18.690,0.165,94.31968,-7.76100,57042.27542,0
1007034029261,18.742,0.169,94.31947,-7.76096,57042.28042,0
1007034029261,19.154,0.210,94.31941,-7.76111,57390.28308,0
1007034029261,19.328,0.229,94.31951,-7.76118,57390.28811,0
1007034029261,19.326,0.229,94.31943,-7.76138,57390.29314,0
1007034029261,18.948,0.191,94.31935,-7.76106,57390.29817,0
1007034029299,13.536,0.053,94.29490,-7.77424,56657.30225,0
1007034029299,13.530,0.053,94.29490,-7.77423,56657.31245,0
1007034029299,13.522,0.053,94.29490,-7.77424,56657.32266,0
1007034029299,13.535,0.053,94.29490,-7.77422,56657.33285,0
1007034029299,13.539,0.053,94.29488,-7.77422,56985.31636,0
1007034029299,13.545,0.053,94.29489,-7.77420,56985.32093,0
1007034029299,13.533,0.053,94.29492,-7.77423,56985.32551,0
1007034029299,13.542,0.053,94.29490,-7.77421,56985.33009,0
1007034029299,13.544,0.053,94.29489,-7.77422,57042.26542,0
1007034029299,13.531,0.053,94.29490,-7.77422,57042.27042,0
1007034029299,13.536,0.053,94.29490,-7.77421,57042.27542,0
1007034029299,13.551,0.053,94.29490,-7.77421,57042.28042,0
1007034029299,13.552,0.053,94.29489,-7.77421,57390.28308,0
1007034029299,13.550,0.053,94.29489,-7.77420,57390.28811,0
1007034029299,13.547,0.053,94.29488,-7.77421,57390.29314,0
1007034029299,13.542,0.053,94.29490,-7.77421,57390.29817,0
1007034029313,18.527,0.158,94.28230,-7.76151,56657.30225,0
1007034029313,18.537,0.159,94.28224,-7.76138,56657.31245,0
1007034029313,18.431,0.152,94.28230,-7.76159,56657.32266,0
1007034029313,18.720,0.173,94.28227,-7.76146,56657.33285,0
1007034029313,18.737,0.168,94.28216,-7.76156,56985.31636,0
1007034029313,18.489,0.150,94.28235,-7.76167,56985.32093,0
1007034029313,18.579,0.156,94.28199,-7.76150,56985.32551,0
1007034029313,18.372,0.142,94.28225,-7.76156,56985.33009,0
1007034029313,18.520,0.152,94.28238,-7.76143,57042.26542,0
1007034029313,18.697,0.166,94.28236,-7.76158,57042.27042,0
1007034029313,18.561,0.156,94.28233,-7.76148,57042.27542,0
1007034029313,18.528,0.154,94.28224,-7.76151,57042.28042,0
1007034029313,18.913,0.187,94.28219,-7.76168,57390.28308,0
1007034029313,18.559,0.159,94.28231,-7.76130,57390.28811,0
1007034029313,18.812,0.178,94.28232,-7.76154,57390.29314,0
1007034029313,18.771,0.175,94.28214,-7.76166,57390.29817,0
1007034029340,15.547,0.065,94.30162,-7.76582,56657.30225,0
1007034029340,15.541,0.065,94.30163,-7.76582,56657.31245,0
1007034029340,15.533,0.065,94.30162,-7.76582,56657.32266,0
1007034029340,15.525,0.065,94.30158,-7.76582,56657.33285,0
1007034029340,15.533,0.064,94.30160,-7.76578,56985.31636,0
1007034029340,15.540,0.064,94.30162,-7.76584,56985.32093,0
1007034029340,15.597,0.065,94.30162,-7.76583,56985.32551,0
1007034029340,15.565,0.064,94.30161,-7.76580,56985.33009,0
1007034029340,15.550,0.064,94.30159,-7.76581,57042.26542,0
1007034029340,15.542,0.064,94.30157,-7.76581,57042.27042,0
1007034029340,15.552,0.064,94.30157,-7.76581,57042.27542,0
1007034029340,15.586,0.065,94.30157,-7.76580,57042.28042,0
1007034029340,15.577,0.065,94.30160,-7.76579,57390.28308,0
1007034029340,15.575,0.065,94.30157,-7.76580,57390.28811,0
1007034029340,15.600,0.065,94.30158,-7.76581,57390.29314,0
1007034029340,15.552,0.065,94.30158,-7.76583,57390.29817,0
1007034029360,19.716,0.283,94.27555,-7.75892,56657.30225,0
1007034029360,19.251,0.223,94.27588,-7.75871,56657.31245,0
1007034029360,19.629,0.271,94.27560,-7.75882,56657.32266,0
1007034029360,19.539,0.259,94.27584,-7.75867,56657.33285,0
1007034029360,19.568,0.251,94.27548,-7.75943,56985.32093,0
1007034029360,20.105,0.333,94.27572,-7.75929,56985.33009,0
1007034029360,20.045,0.326,94.27553,-7.75887,57042.27042,0
1007034029360,19.425,0.236,94.27543,-7.75884,57042.27542,0
1007034029360,19.200,0.210,94.27559,-7.75886,57042.28042,0
1007034029360,19.852,0.301,94.27611,-7.75883,57390.28308,0
1007034029360,20.741,0.496,94.27552,-7.75918,57390.29314,0
1007034029473,19.319,0.230,94.29724,-7.75674,56657.30225,0
1007034029473,19.413,0.242,94.29723,-7.75669,56657.31245,0
1007034029473,19.332,0.232,94.29715,-7.75669,56657.32266,0
1007034029473,19.610,0.268,94.29720,-7.75673,56657.33285,0
1007034029473,20.464,0.408,94.29723,-7.75685,56985.32093,0
1007034029473,20.055,0.325,94.29741,-7.75690,56985.32551,0
1007034029473,18.957,0.185,94.29749,-7.75697,56985.33009,0
1007034029473,19.225,0.212,94.29733,-7.75685,57042.26542,0
1007034029473,19.369,0.229,94.29726,-7.75673,57042.27042,0
1007034029473,19.167,0.207,94.29717,-7.75684,57042.27542,0
1007034029473,19.611,0.259,94.29712,-7.75673,57042.28042,0
1007034029473,19.338,0.230,94.29709,-7.75719,57390.28308,0
1007034029473,19.794,0.292,94.29737,-7.75683,57390.28811,0
1007034029473,19.439,0.242,94.29723,-7.75689,57390.29314,0
1007034029473,19.749,0.286,94.29734,-7.75664,57390.29817,0
1007034029475,18.802,0.179,94.28541,-7.75719,56657.30225,0
1007034029475,18.755,0.175,94.28548,-7.75712,56657.31245,0
1007034029475,18.579,0.162,94.28539,-7.75711,56657.32266,0
1007034029475,18.625,0.166,94.28544,-7.75707,56657.33285,0
1007034029475,18.582,0.156,94.28541,-7.75724,56985.31636,0
1007034029475,18.764,0.169,94.28545,-7.75705,56985.32093,0
1007034029475,18.780,0.170,94.28564,-7.75708,56985.32551,0
1007034029475,18.905,0.180,94.28543,-7.75712,56985.33009,0
1007034029475,18.753,0.169,94.28543,-7.75720,57042.26542,0
1007034029475,18.565,0.156,94.28550,-7.75718,57042.27042,0
1007034029475,18.357,0.143,94.28549,-7.75732,57042.27542,0
1007034029475,18.675,0.164,94.28558,-7.75726,57042.28042,0
1007034029475,18.634,0.164,94.28546,-7.75713,57390.28308,0
1007034029475,18.597,0.161,94.28565,-7.75712,57390.28811,0
1007034029475,18.438,0.151,94.28524,-7.75721,57390.29314,0
1007034029475,18.481,0.154,94.28558,-7.75715,57390.29817,0
1007034029536,16.782,0.084,94.26841,-7.76089,56657.30225,0
1007034029536,16.784,0.085,94.26840,-7.76090,56657.31245,0
1007034029536,16.829,0.086,94.26849,-7.76099,56657.32266,0
1007034029536,16.844,0.086,94.26848,-7.76097,56657.33285,0
1007034029536,16.936,0.086,94.26853,-7.76102,56985.31636,0
1007034029536,16.846,0.084,94.26845,-7.76102,56985.32093,0
1007034029536,16.841,0.084,94.26847,-7.76099,56985.32551,0
1007034029536,16.815,0.083,94.26850,-7.76094,56985.33009,0
1007034029536,16.893,0.085,94.26850,-7.76102,57042.26542,0
1007034029536,16.795,0.083,94.26848,-7.76094,57042.27042,0
1007034029536,16.813,0.084,94.26849,-7.76098,57042.27542,0
1007034029536,16.799,0.083,94.26849,-7.76094,57042.28042,0
1007034029536,16.832,0.085,94.26849,-7.76098,57390.28308,0
1007034029536,16.825,0.085,94.26849,-7.76097,57390.28811,0
1007034029536,16.874,0.086,94.26844,-7.76100,57390.29314,0
1007034029536,16.813,0.085,94.26842,-7.76097,57390.29817,0
1007034029552,18.184,0.136,94.32154,-7.75641,56657.30225,0
1007034029552,18.120,0.129,94.32145,-7.75641,56985.32093,0
1007034029552,18.240,0.135,94.32142,-7.75673,56985.33009,0
1007034029552,18.335,0.141,94.32175,-7.75636,57042.28042,0
1007034029604,18.579,0.162,94.30628,-7.75573,56657.30225,0
1007034029604,18.585,0.162,94.30656,-7.75570,56657.31245,0
1007034029604,18.708,0.172,94.30645,-7.75575,56657.32266,0
1007034029604,18.654,0.168,94.30635,-7.75565,56657.33285,0
1007034029604,18.515,0.152,94.30633,-7.75557,56985.31636,0
1007034029604,18.504,0.151,94.30629,-7.75559,56985.32093,0
1007034029604,18.611,0.158,94.30640,-7.75556,56985.32551,0
1007034029604,18.838,0.175,94.30630,-7.75560,56985.33009,0
1007034029604,18.762,0.170,94.30643,-7.75550,57042.26542,0
1007034029604,18.804,0.174,94.30611,-7.75543,57042.27042,0
1007034029604,18.602,0.159,94.30623,-7.75561,57042.27542,0
1007034029604,18.711,0.167,94.30636,-7.75583,57042.28042,0
1007034029604,19.243,0.219,94.30641,-7.75579,57390.28308,0
1007034029604,18.475,0.153,94.30588,-7.75539,57390.28811,0
1007034029604,19.343,0.231,94.30633,-7.75570,57390.29314,0
1007034029604,18.662,0.167,94.30645,-7.75589,57390.29817,0
1007034029717,14.415,0.057,94.31542,-7.76473,56657.30225,0
1007034029717,14.379,0.057,94.31543,-7.76471,56657.31245,0
1007034029717,14.400,0.057,94.31543,-7.76474,56657.32266,0
1007034029717,14.410,0.057,94.31544,-7.76473,56657.33285,0
1007034029717,14.414,0.056,94.31544,-7.76470,56985.31636,0
1007034029717,14.417,0.056,94.31542,-7.76471,56985.32093,0
1007034029717,14.392,0.056,94.31545,-7.76471,56985.32551,0
1007034029717,14.401,0.056,94.31544,-7.76472,56985.33009,0
1007034029717,14.422,0.056,94.31542,-7.76471,57042.26542,0
1007034029717,14.410,0.056,94.31543,-7.76471,57042.27042,0
1007034029717,14.403,0.056,94.31543,-7.76469,57042.27542,0
1007034029717,14.431,0.056,94.31543,-7.76470,57042.28042,0
1007034029717,14.432,0.057,94.31541,-7.76470,57390.28308,0
1007034029717,14.405,0.057,94.31542,-7.76471,57390.28811,0
1007034029717,14.424,0.057,94.31542,-7.76471,57390.29314,0
1007034029717,14.424,0.057,94.31541,-7.76471,57390.29817,0
1007034030455,12.526,0.051,94.31649,-7.75492,56657.30225,0
1007034030455,12.515,0.051,94.31654,-7.75491,56657.31245,0
1007034030455,12.482,0.051,94.31654,-7.75493,56657.32266,0
1007034030455,12.487,0.051,94.31654,-7.75493,56657.33285,0
1007034030455,12.456,0.051,94.31651,-7.75488,56985.31636,0
1007034030455,12.503,0.051,94.31647,-7.75489,56985.32093,0
1007034030455,12.374,0.051,94.31651,-7.75489,56985.32551,0
1007034030455,12.502,0.051,94.31647,-7.75488,56985.33009,0
1007034030455,12.482,0.051,94.31652,-7.75489,57042.26542,0
1007034030455,12.527,0.051,94.31655,-7.75488,57042.27042,0
1007034030455,12.527,0.051,94.31655,-7.75489,57042.27542,0
1007034030455,12.580,0.051,94.31651,-7.75486,57042.28042,0
1007034030455,12.419,0.051,94.31652,-7.75486,57390.28308,0
1007034030455,12.427,0.051,94.31652,-7.75486,57390.28811,0
1007034030455,12.434,0.051,94.31650,-7.75487,57390.29314,0
1007034030455,12.428,0.051,94.31651,-7.75485,57390.29817,0
